 11.01031674 
  3.73381482 
  7.19643947 
  1.90812358 
  4.15871406 
  1.61298647 
  4.02995201 
  6.59888639 
 18.39351691 
  1.74073462 
 11.58820720 
  3.54418849 
  0.44523155 
  7.35414367 
  3.97047107 
  2.76269712 
  1.71566726 
  9.12389757 
  1.87990925 
  9.43787418 
  4.65271692 
 10.47042101 
  1.38769279 
  2.03360272 
  0.32087037 
  0.25962767 
  4.10488670 
  5.77745229 
  0.22451748 
  5.14605316 
  2.82089479 
  0.69368189 
  7.36764470 
  4.24984451 
 16.96340333 
  6.85306138 
  2.67748278 
  0.48894192 
 11.85040807 
  2.41067809 
  5.72913009 
  2.52448703 
  5.12515343 
 10.05567486 
 10.34095800 
 11.93556217 
  7.71631665 
  6.57919572 
  0.85489289 
  3.26883327 
 14.65346322 
  2.63339469 
  9.67251191 
  8.38453113 
 14.65263221 
 13.10796837 
 17.86222007 
 17.29097891 
  0.19627817 
  4.58362331 
  1.52932702 
  3.14770445 
  0.43980460 
  6.40928027 
  3.93383542 
 13.37762450 
  1.44162493 
 11.71486456 
  0.21660640 
  5.08782305 
  5.36808183 
  3.21451269 
 12.50705451 
  3.64228348 
  4.24680589 
  0.29597598 
  0.66355644 
  5.84158977 
  3.26596246 
  0.85820524 
  0.76188183 
  0.15662818 
  2.27847322 
  2.56750089 
  3.09279307 
  5.26171050 
  3.66502513 
  1.60153533 
 12.92889069 
  5.95660436 
  1.90243398 
  0.70887208 
  1.08637331 
  3.51267366 
 16.63505455 
  0.15722385 
  3.99659305 
  6.08628825 
  2.61441940 
  1.54795610 
  4.39498875 
 10.99251230 
 11.27007311 
  2.23072419 
  6.83509490 
  2.79177424 
  2.83647255 
  0.26849008 
  5.16686225 
 17.84124052 
  1.02195485 
  7.85532279 
  0.59896086 
  4.08072730 
 18.44754091 
  9.36715684 
 18.53838988 
 13.37612159 
  8.92384353 
  8.55374295 
  0.90917131 
  4.58114014 
  5.01283753 
  2.68497079 
  8.25956407 
 24.22105829 
 10.96327956 
  0.15463852 
  1.73215741 
  5.84452383 
  1.30048432 
  8.90587440 
  2.02195430 
 16.98973306 
 19.69586489 
 13.21767143 
 13.34786659 
 14.28207797 
  1.01824241 
  6.20211111 
 11.85476076 
  0.39051024 
  4.96269710 
  1.66414766 
  0.57672395 
  4.89282716 
  6.36436961 
 13.56762977 
  7.65545244 
  2.19265517 
  1.99608285 
 11.39852643 
  0.90064668 
  5.58863250 
  0.65478563 
  2.33244103 
  4.87042328 
 10.64276928 
 20.55995568 
 13.84999596 
  1.21776950 
  7.59600594 
  0.77531929 
  2.75696289 
  2.14154472 
  0.96731373 
  5.67682018 
  3.99121747 
  1.36191531 
  2.79900848 
  5.60042317 
  0.30834853 
  8.08362786 
 13.21989932 
  1.60025745 
 14.06581100 
 10.17514340 
  1.27397866 
  5.28312222 
  3.65264338 
  4.44746635 
  2.95621024 
  2.49387178 
  2.86861553 
  7.92483713 
  1.21363476 
  7.26229902 
  1.63728976 
  3.33344616 
  2.58327260 
  0.54503326 
  1.36362345 
  9.39261731 
  6.80301035 
  8.76246001 
  0.66068000 
 10.94993798 
  3.23027706 
  8.10788011 
  1.98862047 
  1.43193601 
  2.55421521 
  9.82033183 
  0.47331117 
  1.26945858 
  0.22476557 
  8.12398309 
  0.41180110 
  2.25239354 
  3.04756737 
  1.72442096 
  3.59284465 
 11.31436052 
  2.95823201 
  3.09274240 
  2.85635054 
  7.02007807 
  3.37192551 
 10.45981959 
  4.08325325 
 10.03837333 
 26.12467154 
  4.42771712 
 20.00247956 
  5.19765871 
  5.53419663 
  2.48827648 
  2.84675944 
  9.91228198 
  1.50688297 
  1.26864169 
  5.46882613 
 10.03903645 
 10.40606667 
  5.15730379 
  0.63889893 
  5.36328012 
  7.89602534 
  4.49439502 
  0.32625033 
  4.97737404 
  1.11413488 
 21.98584895 
  4.19924331 
  2.57541131 
  3.60124343 
  5.22619160 
  0.02996006 
 15.73685686 
  2.54029269 
  2.40591262 
  0.10313480 
  0.44353655 
  7.34119928 
  0.28580794 
 12.26682023 
  2.39240353 
  5.14809933 
  7.05827799 
  9.69314181 
  1.50905704 
  6.50958823 
  4.16238716 
  1.82904622 
  2.69002901 
  1.17044992 
  1.17107216 
  3.76675434 
  2.35608962 
  1.52292061 
  4.52239003 
  8.62874301 
  1.97031166 
  2.46080464 
 20.79352370 
  5.74209953 
  2.54397228 
  1.11641296 
  0.79025767 
  4.60676168 
  5.88802927 
  3.46178617 
  0.55803294 
  2.42561471 
  0.45964613 
  5.64667094 
  0.53170390 
  1.29784769 
  4.40702125 
  6.32233385 
 13.04355301 
  1.98073128 
  0.21325909 
 15.54356733 
  3.00280000 
  6.93407171 
  2.10417190 
 16.86886884 
 14.07996714 
  0.06681493 
  4.38922216 
 15.43394244 
  3.59568788 
  0.03840040 
  2.30185719 
  2.63340942 
  0.87806562 
  1.21940934 
  1.39543288 
  5.72484386 
  8.22218244 
  1.34044249 
 10.99348380 
  4.14668322 
  3.19034677 
  1.63547196 
 20.57315858 
  2.89996673 
  2.29652128 
  5.52394038 
  3.49129130 
  7.05070952 
  0.74880411 
  2.91067377 
  3.94333962 
  2.26838047 
  7.37565907 
  5.05421397 
 12.30200763 
  4.47729166 
  5.73053944 
  9.04142019 
  7.63068416 
  2.02737572 
 11.28354921 
 10.87975444 
  5.04190314 
  7.81562665 
  1.14565423 
  1.41875382 
  1.66956871 
  3.15225873 
  1.72839682 
  5.08969967 
  9.54950669 
  7.66689648 
  9.27215031 
  0.18692950 
  2.43790712 
 11.88006717 
  1.84250342 
  8.96858379 
 13.34978238 
  0.26841301 
  4.07408629 
 11.40514585 
  1.65446773 
  3.88619994 
  0.28936092 
  5.65595139 
 15.51943633 
  4.43161143 
  0.29872909 
  6.95074752 
  1.39958926 
  0.18787105 
 10.05597693 
  9.06533040 
  6.82477438 
  2.55342080 
  3.66523424 
  0.39345692 
  0.11801716 
  2.73813525 
  4.10319445 
 21.09074957 
  2.03515864 
  1.36165571 
  1.26886235 
  2.36156913 
  0.83771824 
 15.68141967 
  2.25952901 
  5.24833662 
  0.65848830 
  2.27307722 
 16.79825598 
  2.25280487 
  0.05883967 
  1.46425831 
 22.15783298 
 16.36952279 
  2.11804278 
  0.71065235 
 16.77235259 
  1.40250571 
  1.10634864 
  4.64129002 
  4.81570431 
  1.97157350 
 10.56344854 
  6.84214634 
  7.64938050 
  0.97658100 
  4.79928899 
  0.14229417 
 15.23750783 
  1.44821453 
  3.81634370 
  2.50609880 
  0.07334291 
  2.15539803 
  0.82149105 
 10.12013798 
  0.16005286 
  0.23695011 
 18.93180094 
  0.84465808 
  1.06368191 
  9.34835229 
  4.10281988 
  2.27468576 
  7.86089192 
  1.32563687 
  8.79394462 
  2.22883014 
  0.01604521 
  0.32938575 
  5.26222903 
  3.24874237 
  0.24664378 
  0.90388890 
 12.46967022 
  4.41919520 
 10.72045781 
  2.29373725 
  3.42922808 
  0.67710024 
  8.40935923 
  1.35345242 
 12.19205074 
  0.08916963 
  2.38829488 
  0.01312507 
  1.17202051 
  3.71475972 
  1.00660818 
  5.10797682 
  6.84211283 
  0.70319333 
  2.60750534 
  1.24013258 
  0.82863894 
  1.21782265 
 15.43495530 
  2.02886747 
  0.40390470 
  1.00043419 
  0.90705746 
  2.34801495 
  8.87756086 
  0.46342495 
  0.00427233 
  0.41808250 
  5.78365378 
  8.60631121 
 11.53604138 
  1.57944901 
  5.82683286 
  5.53718237 
  8.48711506 
  9.66232315 
  1.97573734 
  0.20635425 
 12.13322831 
  1.81263070 
  1.89461433 
  4.26835190 
  4.29546798 
  0.30208634 
  0.64851649 
  0.46718432 
  9.25014731 
  4.67449582 
  0.38122659 
  1.10084498 
  2.06875466 
  2.18690103 
  1.87676166 
  4.66919732 
  4.57657893 
  0.37790759 
  8.23308427 
  5.69398922 
  4.98869553 
 11.09318669 
  0.71674663 
  2.20343097 
  5.04783404 
  3.37086531 
 22.76267714 
  6.88097419 
 12.23589147 
  0.47670522 
 14.83234826 
  0.77757004 
  9.57069474 
  3.87994786 
  1.67455572 
  0.60258832 
  3.60068564 
  2.63498885 
 13.77681315 
  0.75396508 
  1.59714351 
 17.11794157 
  5.95620845 
  0.40930881 
  0.43341087 
  4.86452609 
  0.70790704 
  3.46830823 
  6.00508358 
  6.14126856 
  5.09060818 
  5.63733682 
  0.66352414 
  0.63136555 
  9.37795548 
  0.21154405 
  2.77228234 
  0.27546379 
  0.46409976 
 10.96553198 
  6.62983773 
  0.71772189 
  6.86708075 
  2.51511958 
  0.68860955 
  0.70082044 
  6.56038533 
  7.23801036 
  7.15335718 
  0.71623661 
  3.03575587 
 13.50284926 
  3.44401121 
 11.28581605 
  2.02560212 
  9.10959161 
  4.71597273 
  6.63207492 
  1.05149994 
 11.40076503 
  1.00562723 
  3.07161665 
  8.05490009 
  5.05588589 
 10.53463336 
  9.47197113 
  1.81637391 
  1.13916366 
  1.45780460 
  5.41726600 
  2.44475209 
 10.48573129 
  2.84693454 
  1.79383712 
  4.07426235 
  2.26895306 
 14.75333459 
  0.20376845 
  2.72631139 
  0.35622846 
  0.22232884 
  4.11175116 
  3.39273853 
  6.20685789 
  1.89207868 
  3.10366450 
  2.58370463 
  4.81871278 
  1.94836969 
  7.12327880 
  1.18022458 
 14.03211431 
  8.67334962 
  0.89578012 
  7.17703374 
 13.48305284 
  7.11736135 
 13.60586599 
  6.81162511 
  1.64681677 
  9.11972953 
  1.50293087 
  1.90747653 
  6.64874584 
  1.60817066 
  2.65892143 
  7.33588586 
  6.30079269 
  3.32983002 
  3.65356621 
  2.72858632 
  5.11654551 
  2.80666862 
  9.56199653 
  0.20422942 
  0.04731449 
  2.13144138 
  3.74091628 
  6.34074648 
  2.07988615 
  2.49351832 
  9.44350297 
  9.57609462 
  1.05185893 
 13.32470273 
  3.95688545 
  6.66445911 
  6.37017694 
 10.66100759 
  0.62513648 
  1.79085724 
  6.98942131 
  0.30636051 
  2.52285738 
  2.05136394 
  0.17222968 
  0.26515256 
  9.67623832 
 12.40429263 
  8.63735066 
 20.33029405 
  2.09094020 
  4.61702624 
  4.52212201 
  8.86554772 
  0.49442266 
 10.45345457 
  1.06955039 
  5.81891269 
  2.72233868 
  0.31246641 
 13.31394071 
  5.39872239 
  0.44255919 
  0.36009795 
  2.84550176 
  2.51121390 
  3.86082655 
  3.89399027 
  0.12878178 
  4.59808515 
  2.08180588 
  3.66237297 
  8.96130160 
  0.81972276 
  1.04681906 
  0.21744736 
  5.23239284 
  7.17089334 
  2.06959198 
  5.45538049 
  2.88886204 
  8.38913957 
  6.12946888 
  9.51128764 
  1.58213847 
  1.93687439 
  2.69273078 
  5.48913275 
  8.13560848 
  0.70804979 
 12.96505801 
  6.28795414 
  1.07744971 
  5.31750564 
  7.02072729 
 15.31075929 
  2.83134937 
  0.07496139 
  4.28489972 
  1.80886583 
 12.86465388 
  5.79703414 
  2.13535911 
  3.58240659 
  0.98513136 
  0.36095969 
  5.14612970 
  6.23342136 
  1.89818569 
  2.97048823 
  6.80997663 
  5.55039933 
  1.53591487 
  0.01428492 
  1.40730691 
  0.46218201 
  1.62098780 
  1.17083144 
  7.65047306 
 19.36007327 
  4.94790812 
  6.46391292 
  0.78090985 
  2.13153701 
  2.44744528 
  2.65080607 
  7.45376524 
  2.73404320 
  2.04931397 
  0.30561264 
 11.11986042 
  0.84657898 
  4.59960918 
  4.96549429 
  0.49569313 
  2.44108112 
  3.04488794 
 13.27044074 
  5.00119822 
  3.94980749 
  3.47764558 
 14.51544525 
  6.96327453 
  3.51825149 
  1.31012827 
  3.13996618 
  0.35425812 
  2.52516671 
  8.24741513 
  9.74569104 
 11.74264870 
  4.94587002 
  7.88683713 
  2.10827794 
  5.78564408 
 11.00297079 
  7.02975013 
  7.00331734 
 21.06830113 
  5.08111831 
  2.47183500 
 13.53906899 
  0.92506876 
  3.87693475 
  3.13211428 
  0.40007967 
  0.29380197 
 16.37350163 
  1.90475417 
  6.22285446 
  7.00561093 
 12.82281501 
  0.29513579 
  1.04630337 
  2.29465256 
 14.37368872 
  5.41061575 
  3.15002306 
  5.05726042 
  2.12634872 
  8.43384374 
 15.33168002 
  4.10357378 
  6.14035897 
  0.04860619 
  3.19100010 
  7.06118669 
  1.84310858 
  4.36400769 
  1.24631025 
  2.60454792 
  3.38584757 
  0.81849454 
 10.36421334 
  9.71938608 
  6.78415033 
  4.76735076 
  9.29822444 
  0.32548103 
  2.53594226 
  2.49712582 
  0.70935734 
  8.60117728 
  0.41951358 
  2.44203091 
  3.31048823 
 24.32893332 
  0.32695384 
 17.98434399 
  4.30296791 
  7.63582081 
  2.28280928 
  1.81411334 
  0.09491151 
  0.00047823 
  5.93801242 
  4.36836993 
 12.02827217 
  1.92765321 
  4.04589490 
  1.59997382 
  0.55286960 
  9.54772347 
  2.29574304 
  1.30697567 
  3.28691026 
  5.38082392 
  6.47593875 
  0.47567609 
  1.11968308 
  0.26114661 
  4.50568577 
  1.78914789 
  2.34285063 
  1.99510942 
  4.42143615 
  2.15781852 
  1.13768638 
  4.85667766 
  2.97494264 
  0.50769986 
  1.82316934 
  0.93925336 
  7.18234496 
  3.34840512 
  1.10027574 
  0.11048014 
  0.38052351 
  5.66111779 
 14.22227692 
  2.46304601 
  0.06129367 
  1.32921066 
  0.28630159 
 13.00794831 
  1.35013284 
  5.32912597 
  0.53396402 
  3.09380025 
  0.87451849 
  5.65792493 
  0.80304371 
  7.36876683 
  0.18058833 
  4.07382171 
  3.13867328 
  0.29622118 
 19.24719465 
  0.08806370 
 10.69017165 
  6.95394102 
  3.63083240 
 10.96892270 
  0.10023154 
  0.39242548 
 10.61777610 
 25.60060749 
  4.61514862 
  6.86790775 
  1.00715693 
 16.52987065 
  0.72508967 
  1.31235926 
  7.19484921 
  0.38773651 
  2.56982196 
  0.50764897 
  2.06330523 
  1.96357509 
  6.31170352 
  0.04936720 
  1.34424774 
  3.69967388 
 21.33468707 
  9.70503209 
  0.32060897 
  2.67621040 
  6.50760122 
  4.90242689 
 36.78082137 
  1.87995728 
  1.63966334 
  2.41803440 
  1.03383626 
  0.80689736 
  1.45628815 
  8.38303190 
  3.37958866 
  0.12976916 
  9.69462933 
  1.74451490 
  4.89632905 
 11.25576768 
  0.00205365 
  1.52354535 
  4.95511977 
  2.58945974 
  3.99412573 
  2.12745732 
  1.27336016 
  0.06539402 
  7.15987537 
  4.62482903 
  3.29124844 
  3.61080334 
  2.52521595 
  2.22609522 
  9.81065710 
  4.82903380 
  0.78705656 
 14.30561684 
  4.90103007 
  0.72440901 
  5.13878461 
  4.57380320 
  0.99803603 
  0.95312448 
  0.34608461 
  0.76804591 
  0.03279090 
  8.97268886 
  3.15207591 
  3.11121304 
  0.33510306 
 13.86368072 
 17.00202846 
  0.75299038 
  2.34526510 
  3.56021646 
  2.85126690 
  2.35593615 
  5.78687037 
 13.52946195 
  9.10742328 
 11.74946983 
  3.17049849 
  3.39807454 
  0.82622786 
  9.93542130 
  8.97026755 
  4.27298911 
  4.02081920 
  9.37379970 
  2.74294868 
  2.94261152 
  6.85952514 
  5.73455889 
  5.59810346 
  4.91084529 
  1.83321724 
  6.11339933 
  3.19150975 
  5.70843304 
  3.39326556 
 23.69695215 
  3.14332550 
  5.20739515 
 18.39091667 
  3.67713818 
  8.42441944 
  0.22663434 
  4.22011659 
 10.27297788 
  1.48259939 
  5.42270746 
  0.97542666 
  4.68660144 
  5.94340386 
 12.50784515 
  3.46621296 
  1.52008408 
  4.68007386 
  0.12387002 
 18.77907065 
 15.99981706 
  0.44635947 
  0.34655716 
  6.47985978 
 12.32674415 
 15.43454810 
  3.46187110 
  3.42575052 
  0.85555616 
  4.07588841 
  5.71451489 
  0.33166645 
  4.39220367 
  5.45065693 
  0.03656937 
  2.42932284 
  3.75908182 
  3.09950937 
  9.24730320 
 12.13096339 
  8.83067985 
 10.53176586 
  1.08875574 
  0.10875180 
  4.49768754 
 38.24263014 
 11.05471669 
  0.12023423 
 10.60145737 
  1.14170675 
  6.22494472 
  0.82772004 
  3.31368709 
  5.29059059 
  7.56935855 
  0.49318307 
 14.61549592 
  0.63197121 
  0.19204034 
  4.30404778 
 18.04635438 
  1.06867499 
  2.38766147 
  1.63277140 
  8.92805657 
  3.30656149 
  0.75635255 
  4.97412782 
  7.37247516 
 11.63423988 
 18.13719518 
  6.60559782 
  7.25018177 
 14.10500836 
  0.12538797 
  2.73419754 
 14.15971192 
 14.29719127 
  3.86070033 
 16.62431097 
  1.49469888 
 12.09303957 
  2.21064786 
  4.41226629 
  0.06518924 
  0.53096152 
  0.03566004 
  4.81984811 
  4.25452970 
  1.76748476 
  7.03705436 
  1.28380556 
  0.40896451 
  2.97190237 
  3.70072097 
  0.49862418 
  1.70615203 
 12.38552818 
  3.18403978 
  1.72813202 
  2.11140729 
  0.59368365 
  1.94027833 
  0.81848013 
  0.28290090 
  0.33490751 
  2.99428064 
  0.76858989 
 11.83993196 
  0.26091590 
  2.48876110 
  6.08335205 
  4.05675138 
  0.60258818 
 42.89794922 
  4.99929237 
  0.03630579 
  8.22331723 
  2.92654670 
  7.60883217 
 20.26596500 
  2.52671246 
  8.01694248 
  1.53816743 
  1.97199123 
  0.01400092 
  9.97497326 
  3.13386042 
  3.37095771 
  6.14023173 
  4.41534499 
 14.51867410 
  9.34976252 
  0.34395415 
  6.06586025 
  2.91769690 
  2.46110956 
  6.66687104 
  2.88478782 
  1.67797214 
  3.05429300 
  3.22235930 
  2.47390051 
  4.04825619 
  1.42480119 
  2.01371090 
 13.41804806 
  9.08501078 
  4.88052360 
  3.52791722 
  2.99730529 
  0.25723279 
  1.81546028 
  5.21685079 
  3.12082538 
  1.81525267 
  4.40457170 
  4.54888690 
  1.87659335 
  8.29727927 
  2.74336917 
  9.53263382 
  4.12078698 
  1.80861931 
  1.14308501 
  0.62946321 
  5.04976188 
  0.49259059 
  2.01826585 
 25.59040074 
  9.85200081 
  6.24922723 
  0.95560789 
  4.45996747 
  4.28026617 
  6.12793070 
  1.67601981 
  4.28935865 
  0.61155131 
  3.65352751 
  1.38188437 
  6.50552098 
 13.44396014 
  6.01920650 
  1.31703034 
  3.20347201 
  2.44828303 
  0.02341478 
  0.99716410 
  1.82332321 
  1.69970955 
  2.85561509 
 17.27947040 
  6.49502691 
 14.96407766 
  2.95823161 
  5.69281403 
  2.68651658 
  4.68047735 
  3.36115117 
  5.15682189 
  1.44364311 
  3.04953435 
  3.37293508 
  6.13211391 
  1.41722906 
  2.27812360 
  9.70103025 
  3.30328037 
  2.80164454 
 10.86988559 
  0.63587438 
  0.19610599 
 16.02389237 
  0.14170303 
 15.38792151 
  2.88934697 
  3.95863633 
  0.09061396 
  1.66924634 
  2.97773429 
  1.51592707 
 13.82854781 
  3.02065703 
  5.84450212 
  0.03052096 
  0.35851046 
 18.26602377 
  2.16571305 
 15.39553840 
  1.60889456 
 11.76509510 
  9.87723342 
  6.40359874 
  2.47878727 
  1.20944585 
  0.54514896 
  7.98838916 
  8.53186512 
  6.31075269 
  7.60006288 
  3.23081773 
  4.62976761 
  1.92411071 
  4.48893475 
  1.19794781 
 10.56641302 
  4.06934743 
  4.03834639 
  5.27940248 
  1.25895559 
 11.28510916 
  2.06792890 
  1.31838040 
  9.85941166 
  7.76459196 
  3.93151250 
  7.88353128 
  3.84922850 
  3.73670039 
  0.85096101 
  5.84000521 
 10.39130079 
  4.52932296 
  2.03634184 
  6.29503038 
 20.31579174 
  1.62977686 
  4.02260905 
  3.59086041 
 10.43374536 
 17.21533194 
  0.98814309 
  6.37213740 
  0.79719390 
  5.55493332 
  0.30573595 
  1.47826633 
  1.90542677 
 11.44804446 
  0.92505964 
  9.30263661 
  0.93592948 
  2.66102112 
  2.45276607 
  5.24894478 
  7.09560271 
  0.19357372 
  4.70470292 
  0.03126498 
 14.99051303 
  0.38624212 
  5.59173908 
  7.50880574 
  3.87316432 
  5.60098236 
  4.32514419 
  2.12337771 
  5.01447352 
  2.48726342 
  7.13086861 
  4.80384529 
  5.20131589 
  5.54681961 
  5.27844173 
  9.64362682 
  3.69967065 
  1.24732764 
  9.43269151 
  3.60881703 
  2.75571009 
  2.36467795 
  4.06389646 
  6.35603183 
  5.04002946 
  8.50218970 
  2.48611603 
 19.22829672 
  0.73260222 
  5.43992386 
  1.33320530 
 12.44339623 
  0.43879586 
 15.64337575 
  0.82110201 
  1.46008329 
  0.56561571 
  9.88348984 
  2.21790872 
  3.97278073 
  0.16287358 
  7.26211930 
  0.69489204 
  1.95099798 
 13.35717632 
 12.92243537 
  2.02530643 
 10.37329126 
 27.36513150 
  2.04343659 
  1.46119296 
  7.43301621 
  6.17632185 
 16.57903296 
  2.92715389 
  4.78432517 
  2.85805435 
  2.14863200 
  3.08077459 
  2.14368397 
  2.31634172 
  9.59704809 
  8.30993392 
  2.18326191 
  2.60849765 
  1.33092141 
  3.68976813 
  0.27217781 
  7.73217948 
 11.61824824 
  8.34511967 
  2.09890540 
  2.03699785 
  0.44799346 
  1.03324057 
  1.83251603 
 11.33291675 
  8.93626111 
  3.58292664 
  1.23866481 
  9.60855467 
  6.71203997 
  1.83235577 
 20.79122568 
  4.02303358 
  2.70244114 
  6.16525104 
  0.42074955 
  8.06293115 
  4.88730184 
  8.46583583 
  8.56260428 
  8.18007676 
  2.57383874 
  3.05448649 
  0.93370820 
 10.61695246 
  2.38856689 
  4.28117605 
  4.57390234 
  0.53397297 
  1.23015257 
  1.32633186 
  3.77778645 
  2.85872181 
  1.96309805 
  4.30700444 
  0.55050237 
  0.53481021 
  6.99108985 
  6.75820293 
  6.82690927 
  2.95455638 
 13.73877164 
  3.64177748 
  0.96892206 
  5.35460671 
  2.90965667 
  1.27795394 
  1.20224107 
  4.53874481 
  7.09409458 
  3.02713094 
  4.33346771 
  2.74587591 
  2.31560395 
  3.88897572 
  0.34505625 
  7.96373714 
  3.24001428 
 13.10072126 
  4.53873087 
  4.54475006 
  5.14816308 
  5.74483452 
  4.28415967 
  4.20243803 
  0.83062146 
  4.27800080 
  6.84392253 
  4.43097719 
  1.18852167 
  0.68006276 
  8.31954863 
  8.80234460 
  6.96846817 
  0.16845821 
 17.88575756 
  2.49642093 
  2.93645141 
 12.54817531 
 11.23546038 
  0.05886022 
  4.84055213 
  0.24158859 
  9.04521928 
  6.16266745 
  1.24615590 
  2.24146031 
 13.86267319 
  1.38900003 
  1.89686444 
  4.17430708 
 14.92389536 
  6.45154037 
  1.53233625 
  2.51890576 
  1.19641426 
 15.10308434 
  1.25281548 
  5.22035844 
  3.22818367 
 13.55172705 
  0.86937725 
  2.18863828 
  0.71581064 
  4.82957942 
  2.12947734 
  1.85801091 
  7.68462190 
  3.04675739 
  3.60725420 
  4.45622038 
 14.45844984 
  1.14862878 
  0.07268428 
  4.90693664 
  6.09900721 
  2.68808745 
  0.48384645 
 16.34605058 
  6.97225976 
  6.47272298 
  0.61510818 
  0.63875393 
  8.54428021 
  1.66506678 
  1.30965295 
  6.89294517 
  5.62274158 
  1.95192716 
  2.31218712 
  4.06659315 
  7.18692673 
  4.83109136 
  4.15614146 
  5.08459853 
  5.97664167 
  0.30159349 
  1.24294515 
  8.34895875 
  6.52385577 
  0.39110442 
 14.44781954 
  1.00282388 
 22.16726002 
  1.05271511 
  2.58891528 
  0.86630353 
 10.06119666 
  2.42950396 
 13.63358859 
  3.89340514 
  5.95779335 
 13.34578062 
  4.17367378 
 11.29510765 
  1.91548954 
  4.69639387 
  1.02576719 
  3.50940610 
  9.55004541 
  0.58697726 
  3.17185731 
  6.43093394 
  2.30153490 
 14.69692339 
  1.72411755 
  1.95626468 
 10.70970240 
  0.42218932 
  0.69444348 
  0.85886227 
  6.56712274 
  1.60451296 
  1.42794207 
  3.13921281 
  0.19360528 
  5.18603286 
  1.47933720 
  0.40826344 
  0.44852758 
  3.14367443 
  2.30162063 
  6.66975811 
  1.63747345 
  8.51952218 
  1.74379599 
  0.15359698 
  5.17282774 
  1.82314001 
  6.50563762 
 14.02862743 
  3.75904078 
 15.67117441 
  0.41829334 
  1.50001297 
  0.42662456 
  9.07541725 
  0.30467671 
  0.63257464 
 10.01744906 
  3.02689537 
  6.35917695 
 14.33754510 
 12.04337829 
  2.05519737 
  2.93789249 
  6.58044204 
  2.74560206 
  0.54177060 
  1.39404612 
 17.17824557 
  1.16081117 
  0.05460024 
  0.77909886 
  1.86458223 
  4.80112452 
  0.22338096 
  0.49388014 
 13.12174442 
  1.92378725 
  6.00632812 
  2.23524806 
  0.39245679 
 14.30772083 
  0.69948351 
  3.82772857 
  0.74168666 
  0.00111610 
  3.78359561 
  0.37572576 
  0.68661324 
  1.43163888 
  1.36842327 
  0.56992927 
  2.45642093 
  9.81300426 
  2.47395989 
 14.96255485 
  2.33452575 
 10.64677407 
  0.86824173 
  1.66516886 
  0.65384091 
  1.83274329 
  0.54511527 
  3.60520175 
  0.42156033 
  7.25354191 
  4.30369625 
  0.06971711 
  1.14920215 
  3.37931870 
  9.58287673 
  3.68918404 
 14.13075787 
  0.80629564 
  1.62634445 
  3.72159466 
  5.08538630 
  4.22141435 
  0.51407745 
  0.94177403 
  5.84708754 
  2.47093420 
  5.89121857 
  2.58735321 
  1.85224801 
  0.29227901 
  1.60400773 
  1.42438726 
  2.40218094 
  0.79314158 
  7.79169984 
  6.30888074 
  2.05214874 
 12.28406978 
  1.35088202 
  2.49406287 
 15.91926166 
  3.40460601 
  7.62956928 
  1.67707413 
  3.71490748 
  8.62696289 
 11.47550649 
  5.73891718 
  0.63190377 
  1.52625072 
  3.28253523 
  0.26065984 
  0.12575804 
  6.63076379 
  6.20577319 
  0.87003838 
  3.65809825 
  2.89678617 
  1.59278730 
  3.15986298 
  0.98351021 
  1.01220366 
  5.00600224 
  5.79837639 
 10.64930475 
  0.95336356 
  0.74873044 
 11.13737567 
  3.09119906 
  1.17982641 
 13.34501784 
  0.36646077 
  3.66514096 
  5.74312835 
  5.79346636 
  2.97162345 
  2.30355504 
  2.65092584 
  1.40711711 
  1.92330103 
  2.01771134 
 10.95254110 
  1.51590076 
  8.02648080 
  7.25913779 
  6.39516092 
  3.71831575 
  2.29518370 
  2.49364514 
  3.40899678 
  3.71033988 
  0.13003241 
  2.89851390 
  4.74896686 
  3.34499796 
  5.86589470 
  3.85147909 
  5.56226367 
  2.75552802 
  1.89106765 
  3.87272086 
  1.02788946 
  3.49583095 
  1.62194807 
  0.00212544 
 21.43303604 
  0.57104449 
  9.01241238 
  0.49027342 
  4.11609058 
 11.04144073 
  4.09343511 
  3.10045749 
  0.95905192 
  2.68132728 
 12.88515918 
  6.84463126 
  1.22717408 
  3.66330760 
 12.46704581 
 10.64045185 
  0.79471208 
  7.05096284 
 25.27260483 
  2.25180113 
  4.24100737 
  0.66343519 
  7.29328128 
  0.10686086 
  4.57808419 
  4.52417995 
  2.88569886 
  0.96865061 
  5.53160523 
  7.33022132 
  1.06027267 
  1.08246423 
  8.09407848 
  0.15316333 
  0.73343321 
  0.61024128 
  4.97025750 
  7.25440426 
  2.48412527 
 12.50187105 
  0.10562485 
  1.98998775 
 10.28270696 
  1.17598293 
  3.94013273 
  0.47095689 
  5.88929676 
  0.17950679 
  4.01378711 
  7.28774619 
  1.16715556 
  0.56650216 
  4.30586100 
  1.07253283 
  5.66059651 
  0.38608857 
  5.26523613 
  5.94328732 
  2.13779998 
  3.68008948 
 16.80080007 
  2.41221017 
  0.09886122 
  1.71368729 
  9.04493874 
  5.36685817 
  0.45935366 
  0.45863919 
  2.01354798 
  1.80321571 
  2.19667431 
  5.51572334 
  1.39121279 
  2.17354804 
  2.26802688 
  0.34441171 
  4.28998874 
  0.63870886 
  3.05983559 
  0.34666105 
  0.55301295 
  1.84983139 
  2.71844832 
  1.47467448 
  0.27352280 
 11.05081955 
  7.20973699 
  2.73676503 
  1.43408527 
  0.09656056 
  0.93255990 
  1.16475239 
  2.62912533 
  0.34367823 
 19.51325577 
  1.89493612 
  2.29441511 
  0.79044173 
  6.37586863 
  0.76124858 
  8.46248814 
  5.20556227 
  4.43028670 
  8.16989076 
  1.12092529 
  5.87039026 
  1.69171480 
  0.45900654 
  3.72880849 
  4.13742221 
  5.06168757 
  1.35464156 
  1.74523490 
 13.88505346 
  8.71051886 
  0.25877767 
  1.31024334 
  4.98919789 
 12.67001425 
  1.21184438 
  0.83476882 
  4.36144843 
  9.41618736 
  8.15846804 
  1.46690387 
 10.82063421 
  4.29480129 
  0.98028551 
  1.07323174 
  7.54562005 
  8.70469252 
  0.69966898 
  2.03688608 
 13.49860268 
  8.52895019 
 15.95609629 
  5.10378291 
  3.15320587 
  4.61932868 
  8.79134038 
  1.00684854 
  3.82543915 
  3.38999098 
  1.40933647 
  8.68666346 
  0.67288843 
  0.14351503 
  7.12128105 
 11.61960619 
 18.18353803 
  1.11388636 
 13.73575464 
  7.35872077 
  4.10213898 
  7.94516078 
  3.82386139 
  5.08322069 
  8.00696944 
  1.80618267 
  0.22420219 
  1.43462903 
  2.08127201 
  5.38061843 
  0.17858787 
  0.04352489 
  1.27815138 
  1.21093273 
  1.86377061 
  8.65713012 
  9.13078165 
  5.34778812 
  6.45265647 
  7.55815784 
  4.50546317 
  1.02726740 
  3.05783933 
  1.72568616 
  3.33086929 
  7.10439430 
  7.74476399 
  5.10312036 
  1.50546129 
  0.51060635 
  3.94635886 
  0.56365391 
  5.87261988 
  3.04299798 
  1.47570408 
  0.83524979 
  0.26912993 
 18.77389686 
  1.38759024 
  1.79211248 
  0.22124145 
  1.39871669 
  5.82638928 
  5.66458300 
  1.54410034 
  3.63638166 
 18.13274531 
  2.23296689 
  6.96338696 
  0.13088210 
  3.83980458 
  0.79680338 
  0.60804636 
  2.42969976 
 17.09626672 
 13.42139421 
  0.50017622 
  1.24079643 
  5.02102878 
  0.01871129 
  0.62833451 
  2.34738185 
 13.73543412 
 15.40402638 
  1.75230823 
  2.28470165 
  1.68435881 
 13.08606674 
  7.31984972 
 11.96540350 
  0.72773153 
  2.43073034 
  2.21282890 
  0.81694311 
  2.42546193 
 10.40244638 
 19.43835821 
  3.56982229 
  3.03022527 
  6.80490915 
  1.68034902 
  3.78682487 
  1.84146722 
  1.27706335 
 10.25728739 
  0.18097852 
  0.04717588 
  0.28470455 
  1.22102218 
  1.84236580 
  3.32175439 
  2.86681980 
  1.68071079 
  1.18908825 
  4.76908970 
  6.44295301 
  0.47256339 
  8.91751728 
  0.41122440 
  4.21269293 
  1.44349146 
  0.38599894 
  4.59204526 
  0.52040989 
  0.98665089 
  1.60260381 
  6.89463453 
  5.11033286 
  3.04250054 
  0.28313400 
  0.12965530 
  3.23356311 
  1.67620505 
  6.00576135 
  5.46343424 
  0.85419984 
  1.25758055 
  0.93977510 
  2.03287515 
  7.31676611 
  7.87569286 
  0.74867285 
  0.01181795 
  4.61259368 
  4.75827398 
  3.74617786 
  9.99579696 
  6.91195202 
  4.67858648 
  7.63701565 
  2.63572644 
  4.88785116 
 15.64900951 
  7.21940954 
  3.79801566 
 13.68132996 
 12.39814523 
  0.43518610 
 17.22887554 
  0.81852483 
 10.50041903 
  9.53334425 
  5.12123478 
 14.05880306 
  7.07934132 
 11.75676597 
  4.12243845 
  8.43088557 
  0.42731596 
  1.50633321 
  8.45408613 
  1.76523543 
 18.38789614 
  5.39381330 
  5.89893909 
  3.11110938 
 14.34227971 
  5.28116354 
  4.32619796 
 14.60474285 
  9.74772110 
  0.44912409 
  1.24226578 
  0.95728641 
  1.26278532 
  2.18056952 
  1.00478504 
  0.39847962 
  4.68302274 
  0.56183567 
  0.67807671 
  6.97719538 
  4.03560073 
  2.60773086 
  2.44010473 
 15.56674682 
  0.55496144 
  0.43609112 
  2.32510420 
  6.90051014 
 13.86682796 
  7.49726767 
  7.73148691 
  6.36220512 
  0.57286900 
  7.84593679 
  3.06695278 
  2.71513823 
  0.37972259 
  1.26155359 
  3.23376380 
  0.42518962 
 11.83353922 
  4.38259487 
  3.18006149 
  1.14060325 
  2.40794224 
  7.79014704 
  6.42488310 
  0.20445477 
  0.06640298 
  3.19896090 
  0.91245706 
  6.68699504 
  0.91842621 
  5.66375404 
  0.21320743 
  1.08920030 
 17.96731492 
  4.67112860 
  1.90278317 
  0.29582966 
  7.51771661 
 14.32116076 
  7.99964639 
  6.01539958 
  2.87001419 
  2.28175392 
  4.55149070 
  3.94029852 
  2.34769748 
  1.58930233 
  3.28640704 
  6.22539502 
 13.59500854 
 12.45556476 
  8.02782677 
  8.68523224 
  5.48463652 
  0.82649106 
  2.60103549 
  3.97502470 
  0.63396064 
  8.43892952 
  2.31422926 
  3.57852902 
  3.02793629 
  0.07729201 
  5.94397445 
  2.06479840 
 19.49335943 
  4.26979244 
  0.45609608 
  4.16431610 
  2.67339263 
  3.95329588 
  0.59242238 
  0.87432689 
  0.68109764 
  0.65975619 
  0.33882528 
  3.27899138 
  3.44725459 
  0.49261407 
  7.03093538 
  1.01572996 
  0.51300196 
  9.87462797 
  0.25334354 
  5.87136249 
  1.02973481 
  1.48000920 
  4.90872574 
  2.67470454 
  4.99862715 
  4.82025243 
  1.83152479 
  4.38625376 
  8.87503220 
  8.95758633 
 30.93961554 
 18.56358829 
  1.55637840 
  0.66024330 
  6.74886060 
  2.75015313 
  3.46671554 
  4.61758627 
  2.59962543 
  0.77994968 
  1.75021726 
  7.03087141 
  0.87364180 
  2.86746417 
  4.28817836 
  4.97434441 
  0.10522251 
  7.31716367 
  0.41230734 
 16.07971344 
 11.92227643 
  0.22685457 
  0.22038165 
  0.68527003 
  8.69363279 
  5.59803069 
  0.96780320 
  5.63283290 
  4.12840683 
  1.51000695 
  1.19138572 
  0.78329414 
  7.30984652 
 14.08152189 
  3.64048836 
  4.49564886 
  8.84777774 
  2.29189745 
  7.60160401 
  0.54475667 
  8.41431621 
  4.14707861 
  5.37188094 
  2.43758766 
  8.53048468 
  5.93912636 
  7.56610068 
 13.41063319 
  4.76197874 
 16.94044162 
  1.69071938 
  4.49459247 
  8.20532338 
  3.39389103 
 21.87400402 
  7.33435405 
  0.11652785 
  2.13535499 
  3.86405698 
  5.90147762 
  1.35633219 
  4.04370984 
  2.52898526 
  5.45301545 
  0.41731825 
  3.24739671 
  4.23877193 
  0.03606789 
  2.08885514 
  7.23869052 
  0.47933543 
  0.31525958 
  1.16930016 
  4.57137623 
 13.65783748 
  3.56375823 
  3.55869470 
  5.81577702 
  1.52890625 
  2.66596507 
 18.27282070 
  7.97674039 
  0.01923033 
  0.16232115 
 11.05116831 
  3.10933948 
  0.23292929 
  1.05928017 
  0.22434002 
  3.85904755 
  0.84614366 
  3.17403169 
  9.81241000 
  0.91210616 
  9.83695398 
  4.86702519 
  1.29208667 
  0.19215205 
  0.81311460 
  1.07302217 
  6.46710911 
  0.18920245 
 18.18617701 
  7.24364215 
  0.98209172 
  8.12964437 
  9.74403118 
 15.08665340 
 11.87923842 
  2.26665620 
  1.91061671 
  3.96172638 
  0.26277296 
  4.50542343 
  0.67825191 
  5.29990247 
  4.53036412 
  0.58301967 
  0.28814557 
  7.20865169 
  2.83362960 
  3.38269644 
  0.57433661 
  0.16874902 
  1.57013311 
 10.73549461 
  0.98229107 
  5.13774088 
  2.82414088 
  1.46346194 
  4.40939781 
  4.96935943 
 16.88569766 
  1.26874147 
  0.90270173 
  5.50597928 
  0.75404143 
  1.92520173 
  0.16678865 
 13.03226626 
  6.77950849 
  9.70819551 
  6.16785062 
  3.52264018 
  9.52652240 
  3.23542742 
  0.00024227 
  3.21357583 
 12.53066904 
  6.32052967 
  0.90456218 
 11.93073034 
  8.85466233 
  1.50325386 
  7.89212814 
  0.96263952 
  3.28815863 
 10.49278434 
  0.19707309 
  2.76139775 
  7.48082493 
  1.70259305 
  2.67637775 
  0.47886323 
  5.11297945 
  4.76930522 
  0.48361071 
 16.90431497 
  5.71058527 
  8.61218578 
  9.12107074 
  0.09600343 
  1.40424940 
  1.93171376 
 11.50515764 
  6.42792825 
  6.75363219 
  1.14705401 
 10.96627095 
  1.16122052 
  0.65746089 
  4.40345486 
  3.04857386 
  2.63175926 
  6.11268003 
  0.03319907 
  2.88613100 
 26.39251149 
  5.82859369 
  0.18683356 
  4.54297186 
  5.94487722 
  7.52420378 
  0.63559519 
  0.67887998 
 22.17543012 
  8.09796428 
  0.62169975 
  1.53830756 
  0.53571827 
 10.60480033 
  0.91092171 
  2.70205528 
 11.95949501 
  4.10494073 
  1.39626344 
 19.13553474 
  3.50369117 
  0.82073362 
  1.40898968 
  1.60739206 
 12.84610769 
  3.99840858 
  1.99272018 
  1.26952986 
  2.90931797 
  2.09791559 
  1.48934651 
  0.51259769 
 25.74631696 
  2.96706408 
  8.21470540 
  2.74166406 
  4.24344723 
  0.34172808 
 12.57089606 
  1.57764240 
 24.93559688 
  1.55455088 
  2.31603298 
  1.95281434 
  2.52066840 
  0.52861461 
  2.17286621 
  3.09822019 
  7.52470797 
  0.47967021 
  2.64197259 
  0.50341087 
  0.91041438 
  1.09940041 
  4.27576527 
 13.38200000 
 11.54416684 
  5.69647113 
  2.68877562 
  1.88941640 
  9.91955358 
  4.09299721 
  3.16752681 
  9.27558271 
  0.85993305 
  9.09992503 
  1.38189719 
  0.00564696 
 16.52210939 
  0.51597699 
  4.42469799 
  0.28469202 
  6.65538053 
  3.71521532 
  0.59078813 
  1.67849967 
  4.27020904 
  9.91689168 
  5.68297329 
  1.86018224 
  4.80488768 
  1.67448690 
  4.18395934 
  0.44701142 
  2.76194815 
  7.42899588 
  0.98075315 
  5.61496950 
  2.42917251 
  4.91652090 
  4.11459421 
  0.18452200 
  0.61581143 
  9.12720784 
  0.59613087 
  8.21182517 
  0.97423163 
 13.87363500 
  8.42769777 
  7.52060263 
  8.50051423 
  8.10819690 
  6.91153866 
  7.34833603 
  1.55763318 
  0.26004348 
  0.77144129 
  3.33337525 
  9.82160665 
  0.43858604 
 12.05634503 
  4.55644239 
 16.46674719 
  1.92888168 
  1.76147893 
 11.89479218 
  2.27803647 
  4.60263647 
  3.25003147 
  2.75035550 
  1.71402470 
  0.06454209 
  0.22570734 
  8.15263942 
 18.80050241 
  3.47708358 
  0.15654739 
  0.11402301 
 13.29790551 
  0.49435183 
 10.44592364 
  2.14714528 
  6.25967996 
  3.60800856 
  5.12575313 
  0.68059821 
  0.82879700 
  3.63235190 
  5.32911670 
  1.14431235 
  2.62673056 
  3.77989566 
  5.52286345 
  0.69192849 
  6.02381172 
  2.47093333 
  7.83408761 
  7.29504305 
  8.56342592 
  2.82768611 
  4.98158562 
  2.21061482 
  1.48902782 
  1.01083306 
  1.95571134 
  7.70364853 
  4.02775149 
  4.21540929 
  0.46518169 
  0.27111716 
  0.32459639 
  5.25926543 
  0.82132492 
  3.64388605 
  1.14241816 
  2.28197131 
  2.03440056 
  3.15003245 
  3.16702108 
  2.14989169 
  1.43049285 
  0.01944674 
  3.87630565 
  3.41809187 
  2.68138468 
 11.76844533 
  0.10755375 
  4.35707888 
  8.35258425 
  7.58761846 
  0.09840274 
  5.92284649 
  3.72952316 
  0.83803423 
  1.26412963 
  9.32599807 
  3.53988463 
  0.88614218 
  2.73580254 
  2.65177766 
  0.32028325 
  3.45514692 
  8.11007220 
  4.16284039 
 28.01914927 
  5.15922469 
  5.87381268 
  0.23051702 
  4.02659667 
  0.94570888 
  0.05904631 
  4.24843606 
  0.05247655 
  1.21846397 
  5.61957975 
  7.75818354 
  0.05645552 
  2.87258366 
  5.51976112 
  1.98665201 
  1.76574834 
  7.35700410 
  1.60809594 
  2.19570340 
  1.16246083 
 10.72449008 
 10.56610198 
  1.66086363 
  2.72364792 
  0.14033162 
  0.04027759 
  0.00969969 
 12.19149836 
  1.80865844 
  1.01113776 
 20.12894752 
  1.88218982 
  4.15114627 
  0.22944325 
  5.01633758 
  3.21829921 
  2.50642703 
  0.14224553 
  2.46969499 
  5.40890898 
  0.38430990 
  0.85829293 
  0.57552397 
  1.57488321 
  2.42253635 
  2.07194758 
  3.17005416 
  5.56935862 
  2.42609211 
  1.74758081 
  1.69251773 
  2.96311860 
 16.51813113 
  8.69379118 
  0.33551945 
  6.91766016 
  4.54691999 
  1.87966296 
  9.43483396 
  5.53235362 
  1.60182409 
  4.08199925 
  1.40790279 
  0.45753317 
  9.88979434 
  5.34233089 
  0.05838199 
  6.35145450 
  2.43102288 
  5.18847094 
  0.54665156 
  3.07293540 
  0.51206829 
  5.09184251 
  1.79361915 
  1.86352692 
 13.92452093 
  5.05930348 
  4.26876000 
  0.08228932 
  0.46058742 
  0.51623332 
 13.49611504 
  0.40813047 
  0.98148550 
  3.86204785 
  4.12249252 
  2.01810245 
  1.12904702 
  7.13085697 
  1.09636666 
  9.44869728 
  0.18565280 
  5.51943757 
  6.78110215 
  0.64643418 
 14.62553228 
  7.81228243 
  4.21130254 
  1.46825639 
  5.88538091 
  5.86694363 
  3.24346074 
  7.49171195 
  4.77421049 
  3.26567220 
  2.34149213 
 16.74728557 
 15.42088773 
  4.36265502 
  5.47875713 
 17.71824925 
  1.17854225 
  9.95681785 
  0.24530691 
  2.25277910 
  1.67808579 
  1.85172762 
  0.52454435 
  4.29263652 
  2.90508243 
  7.01695637 
  4.15040278 
 18.42396054 
  0.05403839 
 10.52542483 
  0.16578903 
  7.40872992 
  2.27250288 
  7.22512300 
  0.79685636 
  3.91542603 
  5.38227136 
  3.60496916 
  1.00672180 
  3.92340277 
  2.67996049 
  1.16216453 
  0.84923223 
  3.10865894 
  1.06965577 
  1.55089019 
  0.06826604 
  2.75475589 
  8.32966116 
  6.18317351 
  1.34789553 
  1.22725603 
  0.41693265 
  0.06783254 
  9.11108739 
  8.50663014 
 10.69670427 
  5.29101972 
 11.85559438 
  1.21304400 
  3.20177221 
  0.34781854 
  2.72034068 
 17.25546191 
  4.77074189 
  7.84067978 
  2.71790014 
  3.65276062 
  5.35028309 
  3.70807785 
  0.97952862 
  0.79216739 
 23.53000518 
  1.26541294 
 18.98735635 
  7.37572478 
  0.16646109 
  1.19016858 
  1.30605033 
 12.26803200 
  0.07770820 
  0.02143096 
  2.01322504 
 12.86122170 
  0.07835691 
  1.33518918 
  7.55174365 
  3.65100687 
  8.82776683 
  2.28296354 
  1.98611199 
  9.33656678 
 10.54114083 
  7.17702501 
  0.39601216 
  3.94267416 
  0.88565551 
  6.41716321 
  7.55316118 
  4.96594295 
 15.22435975 
  2.07523815 
  0.91207472 
  1.10982957 
  1.07716693 
  5.72605767 
 21.55907980 
 20.24624482 
  1.47449824 
  7.31221100 
  1.47628880 
  3.60761338 
  7.45263236 
  3.17845680 
  8.18456046 
  2.36294169 
  0.41139535 
  1.09498789 
  1.16534413 
  3.37102139 
  2.21446337 
  5.68266320 
  4.77627580 
  0.45094256 
  3.14759516 
  3.07648717 
  3.33356083 
  4.78440000 
  3.18903776 
  1.59380152 
  7.24882426 
  5.53906191 
  5.09748926 
  4.07399472 
  7.42130728 
  3.30372927 
  7.64221751 
  3.45260488 
 10.71524289 
  5.06560019 
  6.24660752 
  0.80548659 
  2.41537023 
  1.99836722 
  1.16728290 
 11.08992976 
  0.86279253 
  0.69433246 
  4.47025138 
 14.09235663 
  7.30050121 
  8.69574710 
  0.33988339 
 14.09475217 
  2.57063679 
  4.08368523 
  7.83678469 
  1.84442598 
  8.91181433 
 10.37031186 
  0.28385580 
  4.61350649 
  0.22677957 
  4.48122237 
  9.59234392 
  4.37241581 
  1.00673614 
  9.73115111 
  2.63177190 
  7.57026187 
  0.65939501 
  6.88013169 
  6.92922611 
  1.85210820 
  0.38668480 
  3.11095037 
  2.78154835 
  0.75006157 
  0.02141041 
 21.56990319 
  1.18429088 
  3.44373636 
 12.51318528 
  9.76132455 
  0.96596315 
  0.75929191 
  0.75050409 
  0.05205316 
  6.51812525 
  6.10691205 
  1.52004857 
  3.63113451 
  2.92413658 
  0.93388329 
  9.10650160 
  5.53444930 
  8.47060298 
  0.43732898 
 16.16380966 
  0.05734116 
 12.03998060 
  3.67861412 
  4.01504784 
  0.15522840 
  2.11352148 
  1.45833281 
  2.71994250 
  8.47708172 
  0.48610554 
 11.37577208 
  2.41928557 
  3.24985008 
  7.57963030 
  1.03593576 
  0.89704949 
  6.42240382 
  4.42375584 
  0.22183341 
  2.84910654 
  2.15285219 
  0.94454820 
  0.00336662 
  7.86678729 
  3.79169615 
  7.67921807 
  1.30961583 
  0.82223776 
  2.42574327 
  2.60313708 
  8.87674797 
  7.91101131 
  6.57447583 
  6.84024730 
  3.66915052 
  2.69767017 
  4.58312027 
  1.82225109 
 16.27745540 
  7.19740819 
  0.30070875 
  4.77402846 
  5.71325774 
  0.41470250 
  6.66647237 
  8.34365420 
  1.23229314 
  2.35913642 
  7.37827672 
  0.72229938 
  0.14246645 
  3.38186752 
  7.74322460 
  0.18646321 
  3.09674307 
 13.86751994 
  6.61800403 
  0.03709902 
 16.77411861 
  0.42688126 
  0.07482988 
  5.97862580 
  0.57471514 
  5.70014639 
 10.73582059 
  1.38659554 
  1.07579724 
  3.32143516 
  0.51822367 
 11.55108319 
  3.44240034 
  1.15898066 
  1.72999721 
  1.34213184 
  0.63933984 
  0.76708999 
  0.41259720 
  3.30871156 
  8.90446589 
 20.17368437 
  1.74573558 
  3.74203944 
  2.84615565 
 17.53587843 
  4.13758457 
  9.50782141 
 12.11456350 
  1.08110283 
  7.03447804 
  0.44847356 
  1.86026897 
  2.11063188 
  5.50849605 
  5.23384975 
  0.84901415 
  0.72792915 
  2.78653151 
  0.35886291 
  7.35734233 
  0.39143039 
  1.68189261 
  0.04897807 
  1.11532067 
  6.88068096 
  6.01470943 
  5.95999770 
 10.76907367 
  3.28138041 
  0.76415707 
  0.68123793 
  0.08966057 
  1.21315466 
 10.26920076 
  0.27979139 
 19.76249504 
  2.30257788 
  2.04243389 
  1.35384725 
  7.14648399 
 18.94268524 
  2.63197283 
  7.24713162 
 10.17860507 
 16.10620601 
  9.73562459 
  5.36098862 
  4.60950219 
  2.25648724 
  5.23557598 
  0.79026658 
  1.58737087 
  0.81991007 
  0.36255090 
  0.65851946 
 18.21388125 
 14.22215181 
  2.63870175 
 10.35501600 
  0.44897284 
  2.67688595 
  5.39307947 
  2.94760579 
 12.56272555 
  0.09165883 
  4.55255670 
  2.10567389 
 11.76278548 
  2.02892689 
  0.16230015 
  0.14048019 
  6.45114062 
  3.08237530 
  6.20078542 
  7.80211127 
  4.51244042 
  4.99631925 
  6.19934247 
  1.89736925 
  4.71838659 
  3.56180511 
  5.79459308 
  1.24990409 
  0.11258509 
  4.05735231 
  0.40944932 
  9.37588827 
  2.68492545 
 11.93550610 
  1.54117987 
  1.73053510 
  4.24002677 
  6.96138925 
  2.41822172 
  0.95532238 
  3.35269121 
  0.48033525 
  4.24328145 
  3.22089962 
 12.67862985 
  3.31935989 
  2.01121587 
  0.80609198 
  9.66948530 
  8.72265238 
  0.55996880 
 10.46791101 
  5.74059527 
  0.06473927 
  2.75226434 
  0.58371539 
 11.45768853 
  2.84230334 
  1.51322815 
  1.63402908 
  0.01196892 
  5.78058272 
 27.89198355 
  3.35677000 
  3.20481780 
  5.91814674 
  1.68389802 
  0.16463611 
  2.46890095 
  1.26944025 
 11.63749121 
  3.56904607 
  0.29471386 
  2.88259610 
  3.40798766 
  0.01634465 
  7.36657441 
  0.28368731 
  2.32511313 
  0.78022587 
 12.89970310 
  0.23946946 
  1.22246667 
  0.63834849 
  6.16070583 
  4.52393864 
  1.72133544 
  0.17947721 
  0.90146651 
  2.90315769 
  0.12504339 
  1.54629298 
  0.84166299 
  3.83858155 
  4.64289833 
 17.09988862 
 10.08386611 
  4.12824990 
  5.16455242 
  0.49470630 
  2.37654303 
  0.93482283 
  2.78432919 
  4.86018610 
  7.41247739 
 33.18550778 
  8.90314747 
  0.00159101 
  4.26894942 
  6.34827289 
  3.04243664 
  5.73362305 
  1.21964726 
 16.28357434 
  6.05231777 
  8.33983920 
  2.08619510 
  5.85995834 
  0.19821818 
  3.91265213 
  4.31984161 
  9.35613041 
  1.49485164 
  0.34356696 
  8.86001097 
  7.16117907 
  0.75318407 
  4.28303256 
  1.80848025 
  0.20152542 
 12.20198584 
  0.47336734 
  3.44793165 
 10.55153851 
  1.71100018 
 11.14370590 
  4.53313215 
 24.13047141 
  3.61421919 
  3.27644811 
 16.48225182 
  2.83251759 
  1.82478159 
  6.75450854 
  6.86809325 
 15.35595118 
  0.97795715 
  3.48473121 
  5.48338879 
  5.16392994 
  0.08671843 
  3.42557576 
  2.84641580 
  3.25056303 
 16.31796474 
  4.28954462 
  0.81694355 
  3.75548371 
  5.80532760 
  8.80864864 
  4.07584622 
  0.19210620 
  9.17081577 
  2.08411211 
  3.57907150 
  5.85381802 
  1.70526953 
  1.59226275 
  3.47140616 
  4.60125652 
  2.60636550 
  1.93764137 
  4.26308455 
  5.62661895 
  0.31561639 
  8.13994659 
  1.79870786 
  4.86145661 
  1.51924421 
  6.11258739 
  2.77038241 
  2.57875284 
  0.68824197 
  3.27276418 
  0.37930763 
  3.57876638 
  4.20491736 
  2.25549891 
  4.84816906 
  6.39666557 
  6.04058521 
  3.31368325 
  2.43049963 
  2.01794602 
  0.45837349 
  0.23585253 
  5.20184609 
  3.96895659 
  7.10718937 
  2.36274331 
  3.56676898 
  0.46302552 
  5.94411497 
  4.97602816 
  7.09275003 
  2.33503714 
  1.10207452 
  0.55277371 
  2.65572331 
  5.76273418 
 13.33122943 
  0.20552058 
  3.82831867 
  7.24674405 
  6.11104664 
  0.53910641 
  6.24949030 
  2.59313751 
  2.42707960 
  0.51447327 
 21.98786905 
 23.00115601 
 14.63846130 
  3.64236291 
  0.68858857 
  6.45641941 
  5.15264790 
  3.57255156 
  0.66840875 
  7.35426887 
  2.98952520 
  5.09531492 
  0.64201398 
  0.69531982 
  6.26674791 
  0.33782960 
  2.10322848 
  7.48428841 
  3.44620130 
  6.15041801 
  2.02385408 
  2.08818487 
  8.92354643 
  0.95193347 
  6.42110733 
  0.78504600 
  7.33312006 
  4.69392616 
 12.86319867 
  5.81014511 
  6.24719494 
  5.28477964 
  3.84029426 
 13.33608546 
  0.35226857 
  0.13542832 
  2.13550395 
  2.21037387 
  8.84921522 
  1.13148289 
  8.41256816 
  9.57484172 
 19.75495709 
  4.60028474 
  2.05489491 
  0.49495937 
  7.39028481 
  2.38877190 
  3.68281402 
  0.47652215 
  3.05679447 
 13.80193272 
  0.58609959 
  4.85844590 
  2.11758884 
  4.42219614 
  2.96407034 
  2.78063373 
  3.22138076 
  7.15739592 
  1.09889709 
  5.87967023 
  0.76299905 
  3.42859450 
  6.38408925 
 10.42767229 
  6.95982716 
  6.19203121 
  3.63619191 
  4.05807287 
  1.25561903 
  1.23856893 
  4.29019134 
  3.09100819 
  1.65389170 
  6.88345842 
  4.52580134 
  2.94271895 
  0.29941542 
  3.06018836 
  8.11008370 
 12.76897425 
  2.04489771 
  0.95590956 
 15.09398747 
  1.03573624 
  4.90324913 
  0.02982744 
 10.45853336 
  8.33004394 
  2.86856782 
  2.79156987 
  2.19406376 
  6.23370530 
  2.31835616 
  0.87260184 
  3.20188476 
  3.54969945 
 13.53265756 
  7.22988945 
  4.52126382 
  0.39198713 
  4.86943758 
  0.79700831 
  3.89271540 
 12.50835531 
  1.24733929 
 12.94380625 
 11.84937649 
  7.38662805 
  5.51895637 
  7.29634308 
  8.76295259 
 10.18456369 
  7.40504728 
  2.79603912 
  5.78368856 
  6.10583590 
 13.21407110 
  1.18347049 
  0.08308674 
  9.03956718 
  5.19471221 
  0.08816323 
  5.51286869 
 16.82041566 
  2.82203963 
 10.98618213 
  0.41158007 
  0.39231577 
  5.20051710 
  2.61551918 
  0.79585352 
  3.92079639 
  2.11284737 
  4.36911913 
  7.90094412 
  0.85229284 
 16.30661820 
  0.81930304 
  1.68406102 
  2.59088529 
  6.71049296 
  4.62678342 
  0.14819706 
  0.13027899 
  8.32338459 
  7.93401980 
  0.13771776 
  2.80707893 
  0.05520713 
  7.21175208 
  4.24813763 
  3.19655648 
  3.40976696 
  1.40500853 
  2.50437163 
  3.33490117 
  8.65733453 
  8.69590491 
 10.64353875 
 16.37313594 
  6.36541145 
  0.33515991 
  5.98955571 
  5.44368959 
  1.17150501 
  4.63873265 
 10.53499674 
 12.79994526 
  6.41655270 
  4.08561008 
  9.11930012 
  0.90809618 
  0.23230431 
  1.32076956 
  0.17824380 
  6.15775458 
  4.62131353 
  3.78776908 
  6.45073902 
  1.51315207 
 10.16120431 
  6.03877546 
  1.05283620 
  7.30840614 
 18.60526445 
  6.27549745 
 10.01077978 
  7.61563267 
  1.77831309 
  2.55741099 
  8.71852471 
  0.34583174 
  4.00241198 
  4.56303632 
  3.64640165 
 11.88635855 
  2.34480734 
  6.92976529 
  2.18004710 
  3.64911159 
  4.95906049 
  3.43165421 
  2.50718597 
  5.91093395 
  5.63656227 
  1.21801159 
  4.75718968 
  0.85950361 
  0.65360278 
  4.71442782 
  8.15243021 
  3.67048384 
  4.62363020 
  9.13987134 
  4.14552796 
  5.86855275 
  4.62777824 
  1.76167379 
  6.35586878 
  3.45309062 
  1.26023568 
  0.37471063 
  1.24966853 
  4.78513009 
  3.43203717 
  2.02857331 
  1.94416659 
  3.47632779 
  5.47856508 
  1.92005092 
  2.80671215 
  7.34985965 
  1.05778613 
  1.97206887 
  0.46018370 
  2.72309488 
  0.37505524 
 12.99563402 
  7.45545010 
  1.76508358 
  2.71669508 
  4.99167536 
  6.91463215 
  1.09506877 
  2.13030513 
  3.67165881 
  0.48788127 
  2.03557971 
  1.58463235 
  3.53258606 
  4.02167009 
  7.00832094 
  3.43125615 
  0.73437755 
  0.75860434 
  1.83569806 
  3.68343559 
  2.68535812 
  5.20194702 
  8.19777013 
  1.14814371 
  3.38906506 
 13.29450693 
  3.35517517 
  3.20439581 
  1.41813115 
  3.60503726 
  2.76896415 
  1.86405104 
 10.98688931 
  0.10788054 
  3.26096321 
  9.82942708 
  3.48318614 
  0.39318979 
  6.20486499 
  5.20535119 
  1.50917428 
  9.03192757 
  2.66658192 
  0.48506081 
  0.85217335 
  3.41917616 
  2.20938037 
  0.84322386 
  5.61381623 
  3.98003422 
  3.88414746 
 11.36458479 
  4.39851522 
  9.44773364 
  1.34951455 
 10.58174405 
  5.68516799 
  1.59052255 
  3.31220289 
  2.94393362 
  6.46607946 
  3.46454526 
  1.50616428 
  6.84035164 
  3.06466581 
  0.16651826 
  6.63071456 
  1.41228052 
  2.78405577 
  0.53181611 
 22.14250065 
  7.25149162 
  7.21496534 
  0.80810437 
 15.66381797 
  0.96352953 
  0.12336442 
  6.44050156 
 13.50198864 
  2.83247071 
  3.09382440 
  3.38406322 
  2.71004046 
  1.41202962 
  2.68182702 
  6.93737688 
  4.78094733 
  1.80007809 
 28.71514431 
  7.46990261 
 21.42112021 
  5.79845537 
  0.68468276 
  8.63926039 
  6.08901308 
  1.54818897 
  7.91405718 
  2.62648494 
  5.95420908 
  0.04163303 
  5.92558143 
  2.14830755 
  2.31040624 
  0.40965034 
 13.70817021 
  0.39310320 
  1.34500916 
  2.42209056 
  7.40212288 
  0.29988097 
  0.42651422 
  9.96913032 
  0.25751905 
  6.66586314 
  0.57730730 
  3.74695136 
 10.10912489 
  1.98494786 
  5.12558315 
  1.21868929 
  6.83156154 
  6.20319276 
  0.15080754 
  8.08333409 
  5.52700992 
  0.03336640 
  1.25425212 
  5.79482216 
 16.81568122 
  3.39765273 
  1.42856510 
 11.19067714 
  0.24949213 
 13.51470120 
  0.00081312 
 11.35137626 
 12.80618547 
  5.29409934 
  0.67286564 
  1.07558933 
  0.77238956 
  0.85180233 
  8.14098049 
  7.51260699 
  2.06241594 
 10.92042595 
  0.60853223 
  8.48349087 
  7.04088437 
  4.85865621 
 17.43013322 
  5.17797477 
  0.60401027 
 10.34276184 
  4.26178191 
 11.81741529 
 12.66318089 
 12.55292849 
  0.32543607 
  4.54333392 
  8.77884705 
 10.46391868 
  2.70119098 
  3.94807791 
 10.86185008 
  8.21831994 
  5.40125387 
 17.33669761 
 19.61222235 
  0.70448723 
  1.46770746 
 12.09490026 
 17.97879737 
  4.64731832 
  0.42716752 
  6.05670878 
  5.99442558 
  1.13438064 
  3.62490965 
  1.23926314 
 10.83368476 
  4.76821847 
  8.00078872 
  0.79541466 
  5.35713595 
  0.93175391 
  0.15284522 
  4.09398085 
  4.22405895 
  7.57153507 
  0.73092548 
 15.19504175 
 14.74771320 
  7.06219738 
  1.47590593 
  4.90774080 
 12.23207971 
  4.49455494 
  2.92656976 
 11.21300373 
 16.91318929 
  1.85795437 
  1.55882127 
 15.70722855 
  1.10163270 
  0.09834110 
 13.31765001 
  4.00073069 
 17.50531116 
  2.31437238 
  4.69687951 
  9.05554499 
  0.00292127 
 10.77778764 
  1.75416689 
  4.52884859 
  1.53516100 
  3.83820745 
  5.13225237 
 19.75837006 
  1.14645569 
 22.46843816 
  1.26652262 
  4.23082179 
  4.65582426 
  1.74256186 
  1.58352470 
  1.75102996 
  1.34713706 
  0.78928883 
  5.16500435 
  4.08697957 
  9.78779529 
  2.20241233 
  3.38161610 
  1.71613652 
  2.35443302 
  3.18897349 
  2.38410607 
  0.20812255 
  4.60013768 
  8.63061313 
  1.96434734 
  0.54353340 
  0.35615610 
  0.27413419 
  2.76781949 
  0.08534474 
  2.45953510 
  0.19593835 
  1.82677611 
  0.72649654 
  5.58763298 
  2.31021895 
  5.58879318 
  0.26717459 
 10.06236671 
  3.24498148 
  0.04302147 
  1.19647478 
  7.48557873 
 21.47762619 
  3.43419757 
  8.42103944 
  4.18525908 
  6.26789614 
  0.12108456 
  3.57857344 
  2.44019793 
  0.70879914 
 14.39988737 
  7.20600006 
  8.94671496 
  0.51571177 
  0.18064983 
  6.49502982 
  3.02383791 
  0.65620812 
  0.38029204 
  0.79508145 
  4.07283535 
  1.94590592 
  0.35676182 
  4.21663244 
  1.74581059 
  0.95614937 
  9.92382805 
  1.97673388 
 10.76817788 
  1.42909886 
  5.08964915 
  0.67409411 
  0.04047059 
  4.40074578 
  1.67295829 
 15.19506173 
  0.40908497 
  3.88415914 
 14.61744095 
  9.30253765 
  9.42557853 
  2.70597017 
  2.79816431 
  0.58979314 
  6.53462097 
  3.41708605 
  1.13373178 
  3.90237506 
  3.36324422 
  1.82920136 
 12.51253171 
 34.90538546 
  1.88104433 
  4.03597548 
  6.39542386 
  0.06263717 
 11.26894527 
  7.94686717 
 11.75070133 
  3.33949016 
  8.05964876 
  6.14698834 
  2.85134178 
  2.47650845 
 15.36563241 
  0.92439536 
  2.50300418 
  0.76211409 
 21.01265586 
  1.01173831 
  0.27059392 
 14.95204903 
  7.92250106 
  2.86966719 
 14.38224836 
 19.33773681 
  2.43189343 
  4.60302593 
  3.37121361 
  1.36284758 
  2.94597852 
  1.56326627 
  8.76605716 
  5.18323130 
  0.71428997 
 18.31787941 
  0.21149804 
  2.70348553 
  5.36225982 
  5.50002915 
  0.48817037 
  2.25703000 
  5.80942463 
  1.89608880 
 18.76027762 
  0.17008599 
  3.96938577 
  3.26423992 
 10.28925156 
  4.75589719 
  8.35897803 
  2.68919303 
  3.18925014 
  2.82657180 
  0.78324083 
  2.83030473 
  0.77976316 
  0.84019623 
  7.28984252 
 10.75219537 
  1.55931941 
  2.52525217 
  0.68152780 
  6.28106493 
  1.35319603 
  1.59509304 
  4.77307097 
  0.04122062 
  0.15646882 
  3.21404487 
  7.36421524 
 20.30264779 
  5.89160601 
  3.59281965 
  1.45047102 
  9.44692297 
  5.94684093 
 16.61505793 
  2.84728883 
  1.19890637 
  5.59156069 
  2.75445703 
  2.14585444 
  9.94817245 
  7.96786401 
  2.75476950 
 34.01062739 
  3.93094384 
  6.29516188 
  1.23243807 
  5.50168587 
  2.03818426 
  5.48550643 
  4.94742146 
  8.94254796 
  4.08726936 
  5.20096815 
  1.95178415 
  2.85591436 
  5.44076825 
 15.09836845 
  8.30399508 
  2.09171163 
  0.05460167 
  4.17007429 
  2.78271694 
  1.61641706 
  6.59844043 
  0.30198947 
  9.75680973 
  1.35027866 
  9.08432477 
  4.23245214 
  1.82498449 
 20.28682688 
  3.63074482 
 16.24339935 
 11.49231513 
  1.03787846 
  9.92123288 
  0.49923662 
  2.66777431 
  1.60976607 
  0.59341385 
  0.12505149 
  0.63663262 
  2.29920075 
  7.44105039 
  3.01474370 
 10.40406332 
  1.92729808 
  0.41486139 
  0.34467442 
  1.26425595 
  3.62707033 
  2.63536250 
  0.49831587 
  1.18802616 
  0.86032468 
  6.99177641 
  0.90930952 
  0.62048521 
 13.36241901 
  3.03912011 
  7.16464433 
  7.81782820 
  0.18059863 
 10.75794886 
  6.69253962 
  6.96971107 
 17.89333912 
  1.45042094 
 15.81715955 
  0.71428061 
  5.33517330 
  0.67356957 
  2.88432135 
  0.46770034 
  2.59439535 
  0.15883613 
  2.52923096 
  8.39284142 
  3.39176264 
  7.48305405 
  3.46451405 
  4.09825220 
  3.13170278 
  0.09318459 
  2.05695287 
  0.31723330 
  8.00665909 
  1.54871308 
  6.43074737 
  3.53317718 
  2.82316738 
 13.05137797 
  1.77156795 
  3.25319544 
  2.46291211 
  5.90239266 
  1.15074222 
  0.83786823 
 24.33920401 
  3.16504192 
  1.29570565 
  5.24020906 
  0.89650165 
 26.95522256 
  0.05184568 
  1.75342469 
  9.20127983 
  3.58892863 
  3.61536713 
  3.03869684 
  1.64235656 
  1.45967868 
 16.51179232 
  2.99371456 
  3.74992144 
  3.18326524 
  9.15830385 
  2.42430410 
  0.00211749 
  3.80373443 
  1.54192115 
  1.44374656 
  1.75993717 
  0.99442367 
  3.99931180 
 21.50360245 
  2.80997404 
  1.85801165 
  6.31998471 
 19.92805918 
  5.23911821 
  6.31992433 
  8.42428685 
  0.49104821 
  8.45317962 
  0.93688468 
  2.31835920 
  7.50461751 
  3.60105209 
  3.22330528 
  3.47628824 
 16.27805724 
  3.87509759 
  3.71761820 
  0.89237821 
  1.30450150 
  0.23744809 
  3.82794859 
  0.93272848 
  2.01998603 
 33.75277913 
  7.28991650 
  4.04107760 
  9.32890077 
  0.50587833 
  2.74383097 
  2.54975699 
  0.85773148 
  2.28810127 
  2.60953107 
  1.14235864 
  3.06145383 
  0.23615748 
  5.19665834 
  0.64703538 
  0.81837710 
  8.96304720 
  3.85053495 
 16.08531571 
  0.82214170 
  0.64759142 
  2.63297787 
  3.48135421 
  4.84323608 
  1.52726606 
  3.23918102 
  6.25027004 
  1.44856933 
  2.81804710 
 33.70961729 
  2.26286821 
  0.53972122 
 41.12516615 
  0.20705603 
  7.68673878 
 11.84289429 
  3.53205285 
  4.28982245 
  0.84825846 
  1.42203566 
  1.69828547 
  1.61388155 
 16.07806630 
  0.23478343 
  4.77595546 
  3.05309505 
  3.61959387 
  4.13609552 
  1.86452577 
  1.52419312 
  0.29217878 
  4.36197381 
  3.58307797 
  0.51136791 
  5.42921558 
  2.40767692 
 17.68041317 
  1.81811064 
 25.21735390 
 14.63517446 
 14.28712643 
  1.11577078 
  6.58018436 
  5.96225754 
  8.50083555 
  4.72017637 
  1.25888950 
  8.15362108 
  0.09320530 
  4.38978868 
 13.21423475 
 13.31442883 
  7.45725400 
  2.05444083 
  3.58033694 
 15.54074935 
  6.82221963 
  8.39289005 
  1.32867575 
  1.69013577 
 15.31738985 
  6.71256838 
  1.42649604 
  0.10808363 
  2.92683467 
  6.18875057 
  0.24313551 
 10.79339800 
  2.10276424 
  4.23035565 
  1.25959242 
 10.17076282 
  7.80559179 
  7.37119573 
  7.18957989 
 17.57035580 
  0.15501484 
  3.10645146 
  1.13471485 
  0.82379471 
  0.50363945 
  5.86755595 
  3.09027905 
  5.73237775 
  0.64392363 
  6.80155860 
  0.21362339 
 12.72930348 
  0.95718109 
 11.31502739 
 29.07699415 
 10.94932036 
  1.89700237 
 18.80686561 
  1.85220250 
  1.01484509 
  0.15932911 
  4.69863360 
  2.25393071 
  2.66733127 
  2.45463130 
  1.07675048 
  9.17540025 
  1.96988801 
  1.37168588 
  1.68766714 
  2.62733521 
 16.10814223 
  9.77387486 
  0.13577711 
  0.25404599 
  2.12382845 
  4.59452990 
  6.71226623 
  3.51113310 
  1.47040454 
  0.99045033 
  6.80075815 
  7.95220756 
  1.33908884 
  3.70130048 
  1.37277542 
  1.60800992 
  0.05094059 
  3.12580899 
  4.31985898 
  0.37623721 
  0.19260691 
  3.83893583 
  1.95696621 
  1.14438381 
  4.82660204 
  7.56794979 
  2.99535206 
  5.89794594 
 12.54824272 
  0.72270013 
  2.97758072 
  0.26068444 
  0.73754341 
  2.31851195 
  0.30853234 
  5.29477968 
  2.01772188 
  5.21072196 
  1.68286938 
  0.10345102 
  0.04576945 
  1.18386119 
  3.63509698 
  0.06272516 
  2.90320527 
  1.16188944 
  3.75987499 
  1.26963471 
  2.47206433 
  2.25117204 
  5.64193523 
  5.10068647 
  9.22054671 
  4.48232113 
 23.38372371 
  4.65518359 
  7.35176744 
  4.81030521 
  2.16620455 
  0.65838978 
  8.61634117 
  1.73101667 
  3.24303458 
  5.73914959 
  2.16330161 
  5.05227236 
 15.64933689 
  4.30105475 
  0.69723045 
  0.14651504 
  1.02096647 
  8.40007910 
  5.82881462 
  2.84620982 
  0.45814351 
  3.16837779 
  2.10814344 
  0.48490026 
  3.90665732 
  4.26189943 
  4.22019654 
  6.38877611 
  4.61352859 
  3.22195252 
  0.95648011 
  1.00331592 
  8.18744488 
 10.69404728 
  3.65911886 
  3.66500686 
  0.49178898 
  2.77131426 
  2.79008754 
  7.35435906 
  1.70480512 
  7.18780983 
  3.74795613 
  2.94583420 
  1.17584775 
 10.90932664 
  3.27686999 
  5.42423630 
  3.67032518 
 10.37414059 
  8.42980773 
  1.29712302 
  1.22319506 
  8.95719812 
  5.20872440 
 10.50970313 
 10.95950117 
  4.17166605 
  1.61581686 
  9.08713914 
  0.13989962 
  0.35472129 
  3.95080869 
  9.05890074 
  4.53863772 
 10.84935103 
 25.43541561 
  9.25080466 
  2.50665629 
  7.22035902 
  6.15222522 
  3.19418898 
  9.67998254 
  0.26435770 
  4.39941642 
  1.93983885 
  2.77942811 
  0.96709660 
  5.06322756 
 12.97955610 
  1.61744773 
  0.58373383 
 10.11770389 
  1.24889928 
  8.85879577 
 11.44122113 
  0.38681551 
  2.05710030 
  2.26349116 
  0.94950211 
 10.74853886 
  2.87340632 
  9.99562137 
  3.47392019 
 17.03235968 
  8.25394296 
  1.24943814 
  0.67035136 
 13.33432233 
  0.89379740 
  6.15559910 
  0.09409630 
  0.60820881 
 10.66957129 
  1.01130589 
  4.86280787 
 25.73299198 
  5.62452253 
  1.11115377 
  1.84777208 
  1.55637144 
  4.13944088 
  3.50999802 
 11.49783293 
  0.82832691 
  2.21621054 
  0.14119485 
 11.08952058 
  0.84596608 
  0.03313902 
  1.30148277 
 26.12047412 
  2.98728533 
  7.24979171 
  0.18791767 
 13.84301404 
  4.03030205 
 11.99269998 
 24.55739940 
  0.48288681 
  0.20411085 
  0.10367837 
  3.06471291 
  0.60211160 
  5.30045717 
 18.78311515 
  3.18478043 
  1.59609479 
  1.67641226 
  0.40147040 
  3.16319685 
  4.98728714 
 10.86446749 
  5.76354064 
 14.58923806 
  5.57782651 
 15.80529822 
  3.37576406 
  6.76690205 
  1.60478677 
 12.11714167 
  0.35532586 
  1.68549876 
 17.60975368 
  0.04934161 
  0.61151647 
  7.44623370 
  3.73757086 
  1.58665337 
  5.89716727 
  0.00886095 
  6.54873453 
  3.31791309 
  0.29726846 
  2.21685162 
  4.77288331 
 21.94344246 
 12.15268030 
  2.43158829 
  1.07950658 
  6.19447112 
  0.47961890 
 13.97018453 
  1.46951198 
  0.22212251 
  3.45306069 
  5.08908024 
 14.55684528 
  2.85845494 
  1.19553855 
  2.81961525 
  8.00856330 
  6.23026081 
  5.01233353 
  2.62257169 
  0.61506151 
  8.14572020 
  3.95363052 
  0.90514409 
 17.96587531 
  9.03473450 
  3.24668758 
  4.09739994 
  0.45744637 
  3.70123367 
  0.25245330 
  0.43126713 
  1.89599169 
  0.84794248 
  6.29415284 
  5.31687469 
  1.02298854 
  4.69863316 
  4.97771313 
  3.42681392 
 21.66298514 
  4.35302128 
  1.38648279 
  3.23168536 
  2.42043536 
 18.11135682 
  1.09216378 
  2.87599148 
 35.57114957 
  0.47143505 
  2.33255010 
  1.16603839 
  8.60870678 
  2.96747544 
 16.91186667 
  0.19882384 
  3.15062711 
  2.39369421 
  5.87242552 
  1.18280586 
  2.06142597 
  5.52305821 
  4.56605295 
  8.99830351 
 27.74214426 
  2.41952131 
  0.71043171 
  4.65040637 
 12.50620596 
  0.54015984 
  0.09607721 
  2.82484226 
  2.65017955 
 26.23403580 
  7.35139856 
 14.79552428 
  6.16691330 
  7.62490483 
  1.26835262 
  3.05891003 
  0.16275630 
 15.03483144 
  8.09141193 
  0.00922627 
  5.74224877 
  0.28397444 
  1.66500033 
  2.36729207 
  8.83724051 
  6.30395718 
  1.69159111 
  3.70788842 
  3.95157262 
  7.53228922 
  2.80132285 
  8.39804060 
  9.48078238 
  2.85251768 
 10.55845536 
  7.20426441 
 11.03241253 
  3.66471524 
  0.00423298 
  2.70736428 
  3.66769835 
  2.63828336 
  4.87982896 
  6.78675031 
  5.84756986 
  1.17561341 
  0.06698238 
  6.53558133 
  1.55433817 
  8.39615538 
  0.78330923 
  1.56067973 
  5.79179980 
  1.02129368 
 16.67740950 
  5.27141773 
  0.31934137 
 13.97970261 
  3.21658306 
  5.93177991 
  4.01974367 
  1.64106601 
  7.67352438 
  3.45898227 
  8.19955808 
  9.74398323 
  0.24165081 
  5.28546014 
  2.22990074 
  0.18689299 
  2.91611913 
  1.90307451 
  1.84178170 
  0.21761333 
  2.25117174 
  0.45844579 
  2.54241951 
  3.87764550 
  1.97265302 
 12.07814515 
  5.49395206 
  5.55396719 
  0.20761206 
  1.75621793 
  0.36435298 
  9.21710799 
 15.13187995 
  6.58515949 
  9.72074633 
  1.28003675 
  2.74696771 
  7.55194287 
  4.31206798 
  2.28943298 
  8.83344093 
  0.65605847 
  3.18312561 
  1.92875221 
  9.03764406 
  6.02524022 
 10.38280738 
  3.55242213 
  9.59454191 
  5.40117607 
  1.47067131 
  5.73240383 
  1.10583018 
  7.17857680 
  8.15229034 
  4.33851430 
  4.84585360 
 17.36579137 
  1.36673741 
 14.09428373 
  2.02777667 
  8.20299411 
  2.20727609 
  1.60448376 
  4.79137465 
  6.27278014 
  5.13154725 
  4.42285037 
  1.64728738 
  2.64974770 
  1.15887041 
  8.54374445 
  0.64103648 
  1.25487880 
  0.93028563 
  8.71952224 
  4.16288468 
  2.16207140 
  2.72711388 
  0.78373395 
  5.32359342 
  3.47165314 
  0.94309731 
  2.11773845 
  5.77822596 
  3.06254547 
  2.74594829 
  6.32596882 
  5.74376829 
  1.35495736 
  2.17918314 
  9.79021822 
  2.47384712 
  4.24269947 
  2.30939762 
  6.27453615 
  7.93535548 
  9.43340148 
  0.31881350 
  1.31322008 
  4.76595642 
 15.26964322 
  0.23971617 
  2.51893461 
 10.10789617 
  9.56440464 
  7.27942566 
  1.95663910 
 11.58398631 
  0.59935268 
  5.80145658 
  6.39768150 
  4.43491391 
  2.09791100 
  0.29781928 
  0.86618561 
  1.60654166 
  0.31297814 
  1.15350280 
  1.59664695 
  7.27457951 
  3.72730454 
  1.21488014 
 14.22218654 
  3.22750584 
  3.19226768 
  9.32322752 
 12.09034091 
 34.57923275 
  6.95806481 
  2.42698142 
  0.57196941 
  3.73276085 
  1.15421821 
  0.76728394 
  2.00780728 
 12.76772369 
  7.13602163 
 11.40718630 
  3.09810083 
  6.94934573 
  3.13560647 
 10.61964844 
  2.29083326 
  0.93389489 
  2.66433841 
  2.58772633 
  1.88150832 
  1.30777999 
  3.52249239 
  3.55164182 
  7.48160273 
  1.01894214 
  1.50758512 
  2.04859342 
  3.26197827 
  0.31192310 
  3.23169016 
  3.31100200 
  6.76006029 
  5.24898003 
  0.23048853 
  9.18262120 
  0.78762663 
  2.38522635 
  7.25963832 
  0.35557471 
  2.99760644 
  5.14834088 
  1.39812609 
  5.07961710 
  4.70012485 
  0.42462476 
  2.17816903 
  3.18345223 
  4.08111395 
  6.86513596 
  2.42565554 
  0.07770239 
  8.49774316 
  3.02499527 
 10.18491346 
 11.64528384 
  8.91155155 
  8.13740593 
  6.00501158 
 10.80345226 
  2.04253756 
 10.85841275 
  8.41417801 
  5.83860551 
  1.14838184 
  1.54958453 
  2.17268970 
  6.08151331 
  4.60732206 
  1.73640520 
 11.17436083 
  0.78625391 
  0.86678566 
  1.01594771 
  1.42690165 
  6.92578570 
  5.77271016 
  3.12863008 
 20.74548892 
  2.84257979 
  3.81746716 
  2.07389072 
 10.99225177 
  0.87866202 
  0.57947672 
  3.89074710 
  0.86350122 
  8.73417901 
  5.05203190 
  2.85022505 
  0.23792780 
  1.97003240 
  3.24151437 
 12.57037167 
  2.12986101 
  1.20815374 
  1.77159614 
  2.55366432 
  8.59498389 
  8.74620245 
  5.47505414 
  2.84617791 
  1.77606724 
  3.74774469 
  7.00461212 
  5.83629034 
  4.32582069 
  0.92017527 
  1.80451299 
  4.01617309 
 13.83213663 
  0.13519399 
  0.93763145 
  2.59756680 
  9.98824972 
 27.32830235 
  3.14880066 
  1.37782170 
  4.52265587 
  3.70216877 
  1.25639927 
  5.08409067 
  4.03941568 
  9.30846327 
  4.40279778 
  0.79750711 
 31.54882277 
 19.35634380 
  8.77647069 
  1.11575121 
 19.80095226 
  6.02517432 
  0.68867582 
  1.08466348 
  4.35568135 
  0.15273038 
  2.22864191 
  3.17956517 
  7.89374931 
  6.19182512 
  0.55040918 
  9.33513392 
  6.26564327 
  4.83304984 
  4.88300417 
  0.06360529 
  0.90540256 
 15.73971956 
  1.13514907 
  0.49985233 
  7.88779257 
 11.68953455 
  0.55787045 
  1.72500925 
 10.58085753 
  4.66657072 
 15.48729651 
 15.14469853 
  0.60702453 
  8.56160829 
  0.93129276 
  0.73542348 
 11.51442146 
 10.60343657 
  4.22153198 
  0.42382106 
  5.83175689 
  2.41742146 
  2.52264516 
  4.35878066 
  5.69425822 
  0.53886450 
 10.91096698 
  0.89080066 
  8.71039777 
  1.66575706 
  7.33783991 
  0.65237507 
 16.60948017 
  0.82431619 
  1.62395813 
  3.76384691 
  5.26251615 
 11.52067395 
  7.20153062 
  4.37805166 
  1.43474557 
 19.69318096 
  2.37981485 
  0.08465407 
  1.48134514 
  0.24865154 
 15.16496361 
  7.04230763 
  0.06630493 
 15.41205479 
  6.82262237 
 15.75844224 
 18.97522402 
  0.49879619 
  0.68784279 
  3.04998625 
  1.57493356 
  0.69293646 
 17.85354533 
  6.87082013 
  4.26673353 
  3.67872208 
  7.14212525 
  2.50897858 
  1.97041053 
  2.62379402 
  8.24958814 
  0.11705206 
  9.30161997 
  0.67624754 
  1.31118705 
 14.57437308 
  1.81376518 
  2.50387499 
  2.89776232 
  2.84355573 
  4.08803873 
  2.56518952 
  6.45428145 
  0.69406718 
  3.66084535 
  1.22345566 
  0.82698063 
  1.24897409 
  2.50439694 
  7.28572500 
  4.91584542 
  0.03768397 
  1.79982984 
  1.36310291 
 15.48516205 
  0.18679230 
  8.20781476 
  1.52582757 
  0.79264616 
  2.68913162 
  0.91994398 
 12.00698308 
  1.87965975 
  1.98169059 
  2.44452509 
  9.09971474 
  7.50791447 
  3.04719206 
  2.86445160 
  3.49395617 
  0.06965887 
  1.16044289 
  2.71827939 
  0.84368914 
  1.07947196 
  1.22691305 
  5.33720630 
  6.00977122 
  5.14871283 
  4.37095987 
  2.83451169 
  2.87784154 
 11.54134817 
  2.28680660 
  3.77159448 
  8.04408816 
  3.42955529 
  0.36966091 
 10.44007417 
  4.78992968 
  4.02309707 
 11.96889622 
  0.44186798 
  1.40159108 
  1.17748428 
 12.95484688 
 17.53651181 
  3.17569883 
  0.72609097 
  0.88734837 
 10.77781844 
  3.42757711 
  8.88423833 
  1.01802661 
  3.59275756 
  9.31652872 
  3.19040698 
  6.33080366 
  1.24635876 
  3.59718669 
  6.99247660 
  4.43863154 
  1.90273897 
  9.51250312 
  3.99596431 
  5.49948259 
  0.70650320 
  1.58109752 
  6.41229066 
  5.39254700 
  4.22492741 
  2.26689988 
  5.44480385 
 12.11730354 
  4.81046356 
  3.78828104 
  3.16698699 
  9.83961592 
  3.63663800 
  3.68673392 
  1.76794398 
  7.36639287 
 12.36683901 
 21.61484035 
  9.81456714 
  1.81551243 
  5.68772882 
  1.14522413 
  3.84471061 
  1.54185129 
  3.07125015 
  4.72647297 
  0.05216116 
 10.30261324 
  2.40173422 
  3.73456548 
  3.13128602 
  0.54110781 
  2.88801648 
  1.75843803 
  0.95525905 
 15.97410677 
 12.80989360 
  7.35372183 
 22.44035186 
  2.97641392 
  0.86025987 
  6.23073496 
  0.40143506 
  0.58336415 
  4.04632320 
  4.07505930 
  4.56702089 
  2.05535936 
  2.56210646 
  3.23129045 
  0.56040817 
  0.70715213 
  8.21501016 
 15.09654990 
 16.78156224 
  1.75312475 
  2.50204423 
  0.95972756 
  4.13171983 
  7.78371563 
  7.50532223 
  1.62539493 
  1.07059075 
  0.83802714 
  0.24803505 
  1.46718870 
  2.08781862 
  9.31083837 
  8.19429069 
 20.55565818 
  4.30130323 
  2.78940983 
  1.22350196 
  7.32034439 
  9.75258050 
  4.80363735 
  4.27823419 
  0.42313426 
  6.70989581 
  5.89274619 
  0.49653349 
  0.03458396 
  5.02741624 
  2.14105248 
  1.69240227 
  2.89596658 
  2.77090553 
  0.37250527 
 10.31768125 
  7.34718320 
  5.30082383 
  5.88541353 
  0.46720527 
  2.32578969 
  5.76489742 
  4.44220447 
 10.42494464 
  0.21507414 
  6.74020510 
  3.17632467 
  3.11055490 
  1.81101406 
  0.16129394 
  6.06212988 
  1.59518880 
  5.97072621 
  7.13998318 
 18.04897837 
  1.12688291 
  1.60990043 
 20.02512807 
  0.12139852 
  0.02436791 
  4.04935779 
  3.04052641 
  4.70228726 
  7.26704020 
  6.02846863 
  2.58985463 
  0.78259330 
  0.24754692 
  5.37937108 
  0.02372135 
 10.27308291 
  7.33421869 
  2.56431451 
  3.07972070 
  0.63753445 
 11.11270105 
  1.10802315 
  9.09980263 
  6.08721307 
  1.72138038 
  1.73898393 
  0.36115935 
  0.83160802 
  0.59536736 
 12.19401313 
  8.08437903 
 12.42679507 
  2.41230972 
  9.91417787 
  2.68898152 
  0.32422469 
  0.66605392 
  0.46353675 
  2.38542659 
  7.45552293 
  0.64223482 
  3.32816899 
  2.32288786 
  5.98948194 
  1.41544663 
 10.73454147 
  2.39482528 
  6.22027893 
  2.54306384 
  4.71067263 
  0.00464832 
  2.56609196 
  4.55818468 
  2.89889855 
  1.31573372 
  6.07777630 
  3.98618401 
  3.02239846 
  4.98287278 
  0.68537400 
  5.34202738 
  6.50461282 
  5.19480245 
  6.20202102 
 18.10996734 
 10.59244363 
  2.68130113 
  4.57806378 
  1.70888118 
 12.40363507 
  5.43125235 
  0.53091044 
  3.28609346 
  3.27365705 
 10.96517069 
  7.24118042 
  1.62609598 
  2.01533871 
  5.66489626 
  8.17316276 
  1.15290979 
 12.86506325 
  2.11773766 
  2.24053423 
  2.84136595 
  9.68548109 
 10.65349840 
  2.45530773 
  2.20953938 
 19.03284590 
  0.33684871 
  4.92961023 
  2.80085692 
  0.20915652 
 25.19714913 
  0.12767068 
  8.76338261 
 13.04629377 
  1.85492655 
  8.59621464 
  1.80850927 
  4.29706532 
  3.97019517 
  0.41237219 
  7.87649066 
 12.60683016 
  2.82056691 
  4.04081002 
 10.86768830 
  0.57223701 
  3.76671519 
 15.16373949 
 11.43750130 
  2.71331302 
 13.03556145 
  0.81349290 
  2.62557939 
  6.05859070 
 13.71461019 
  5.14415378 
  2.66300987 
  1.06313115 
  3.28733216 
  2.15986434 
  7.29002117 
  2.59713302 
  2.49481416 
 17.00027036 
  1.00258042 
  0.31408222 
  1.63766027 
  2.68863446 
  6.26215748 
  2.66358196 
  4.05624242 
  4.70624730 
  0.56543313 
  0.89735033 
  8.67159437 
  2.72105669 
  3.46453728 
  2.50804564 
  5.71576458 
  6.06298311 
  4.30186138 
  1.13585758 
  6.25307508 
  2.71621299 
  6.61833821 
  4.54306337 
  1.04672565 
  2.68647309 
  5.82838281 
  1.74743363 
  0.66720730 
  0.15343631 
  4.12863531 
  3.47681135 
  6.66972038 
  1.20227331 
  2.43715919 
  2.71343089 
  0.69854872 
  3.68151720 
  4.79369641 
  3.05317582 
 44.96663217 
  1.54763814 
  5.25997437 
  2.97846184 
  2.60604256 
  2.11664688 
  5.43876192 
  6.11906003 
  2.99412727 
  0.43845574 
  8.59108808 
  8.23462126 
  2.04743673 
 19.74173341 
  4.23553602 
  2.40016034 
  0.85573038 
  0.42737242 
  1.99932029 
  1.35554367 
  0.54309864 
  3.34552475 
  8.00963874 
  1.83716633 
  8.92499517 
  1.57847741 
  3.00102565 
 11.22038314 
  1.42996157 
  8.26903891 
  1.62885110 
  0.45493325 
  4.90669235 
  1.01956255 
  0.50036861 
  0.53458760 
  5.94872653 
  2.74878606 
  3.70652451 
  0.20575189 
  4.94488876 
  1.71895000 
  6.15786901 
  1.26025674 
  3.61942651 
  4.65839023 
  1.48028988 
 10.01645467 
  7.12118059 
 14.37774321 
 10.75167994 
  2.30568196 
  2.17742868 
 13.61093350 
  2.37929152 
  3.68386528 
  0.32021687 
 13.46016332 
  0.45261295 
  0.45431474 
  0.08314506 
  3.15068658 
  8.90787711 
  1.34565119 
  1.24533190 
  4.89027093 
  0.83400459 
  3.92995125 
  6.00981143 
  3.30302134 
  3.80296207 
  5.60247083 
  1.95943009 
  2.12036038 
  0.28883112 
  0.08324923 
 14.92825345 
  4.58934657 
 10.75615105 
  3.98326497 
  2.25726816 
  1.32610920 
  0.38434230 
  6.78188326 
  8.68539036 
  1.06979408 
  1.06647155 
  8.22515410 
  2.31466639 
  2.24887869 
 17.83443254 
  0.49398565 
  0.90679568 
  0.03196440 
  1.40157033 
  1.60788338 
  3.04870027 
  0.87698975 
  0.60782418 
 11.87652648 
  0.15148030 
  0.13065522 
  5.95754898 
  4.71315555 
  7.86045948 
  2.03324895 
  4.00460273 
  0.46075284 
  1.80344705 
  2.06060979 
  1.14747319 
  1.45136113 
  1.32401553 
  0.23677934 
  3.50827018 
 12.84187127 
  3.13927379 
  5.89382396 
  2.10197526 
  5.26699234 
  9.58058578 
 12.95965427 
 11.20266764 
  2.12498080 
  2.53331139 
  2.86619294 
  1.57050697 
  2.53402778 
  1.37032275 
  8.76234764 
  0.91688282 
  0.51580335 
  5.64776115 
  2.70807115 
  2.57354076 
  5.85749681 
 17.35195041 
  1.68103747 
  0.18584938 
  8.35311632 
  2.13253598 
  0.35925242 
 13.09026629 
  1.87450204 
  0.84559390 
  3.90889813 
  6.04355402 
 14.60007358 
  1.80630395 
  5.14487082 
  4.84139806 
  4.34951157 
  4.94378683 
 15.78800861 
  4.67204209 
  0.62597091 
  5.66823246 
 12.14746935 
  5.01123600 
  2.35797346 
  2.46290040 
  1.18758901 
  0.97317138 
  3.77825682 
  9.49428972 
  0.71794207 
  2.24935118 
  1.28899367 
  5.65150652 
  4.33709013 
  5.66338663 
  1.06834192 
  0.61827390 
  2.99157866 
  3.62139131 
  1.79211926 
 12.67989751 
  6.55699122 
  3.23813170 
  7.48654313 
  1.23667919 
  7.33462395 
  1.58278303 
  1.54326777 
  1.93827399 
  3.02692637 
  6.63257749 
  3.56349980 
  4.20219127 
  2.78817692 
  1.29109018 
  0.26786976 
  3.72213048 
  7.25486728 
  0.94178524 
  1.44367201 
  1.69556169 
 14.61756499 
  2.38220016 
 12.68890916 
  0.69872387 
  0.51882336 
  5.02321647 
  1.52216767 
  1.57342424 
  0.74496848 
 11.76512325 
  4.93239281 
  5.66150078 
  5.40204283 
  0.19950516 
  6.96115702 
  4.35601371 
  3.61687079 
 12.56047969 
  4.98430207 
  9.69031242 
  3.42160701 
  2.71973244 
  6.12315033 
  2.72816629 
 11.87180842 
 10.64374873 
 13.03762881 
  2.11409954 
  9.04067285 
  0.51231544 
  3.11791405 
  0.38301320 
 12.50293723 
 11.74777312 
  7.05955248 
  7.68832008 
 13.53947590 
  4.32960217 
  5.00094356 
  6.96587133 
 12.92310295 
  2.03608426 
  3.05730273 
  1.01327644 
  6.26699456 
  2.56399580 
 11.93864252 
  4.80266375 
  2.89390485 
  4.80104262 
  0.89647327 
  0.69609578 
  7.72003635 
  2.43464021 
  2.47865153 
  2.53214954 
  2.31777408 
  3.93069725 
  0.71024178 
  0.82715107 
  0.82428639 
  3.69800447 
  0.82116060 
  0.64829707 
  0.52598046 
  8.28103272 
  6.10956809 
  1.27020587 
  9.53664626 
  8.33619296 
  2.29979828 
  0.39557879 
  4.71245977 
  0.79531925 
  5.04583180 
 11.66014723 
  1.64672902 
  6.51076283 
  2.28065813 
  3.72316851 
  7.12638656 
 16.31255754 
 15.98688113 
  6.14926567 
  0.63212641 
 11.67308203 
 22.61485498 
  0.51976995 
  7.51127456 
  0.28570928 
  4.03822042 
  1.43376406 
  2.43340850 
  5.64739985 
  5.49830783 
  0.34564545 
  3.58649034 
  7.48469100 
  3.03170147 
  0.23508382 
  5.68819187 
  0.13099164 
  6.35646363 
  2.48433233 
 10.94997225 
  1.69223937 
  9.99176802 
  1.60530772 
  2.80729500 
  3.13006072 
  5.06578879 
  6.39148202 
 11.51309284 
  1.05687627 
  1.91260553 
  1.25783480 
 11.60316912 
  5.72604210 
  0.03077700 
  0.31457242 
 13.64737373 
  6.99418240 
  2.43214166 
 12.93760290 
  1.77269908 
  4.48143121 
 14.83291919 
  6.08302102 
  3.93777731 
  0.19705647 
  2.02469593 
 12.93806435 
  3.36719333 
  0.37362220 
  1.60339857 
  0.94722098 
  7.06635418 
  7.96170401 
  1.55351314 
  2.23001290 
  1.37781051 
  1.00852561 
  3.07186536 
  5.19114590 
 19.43121976 
  8.24482431 
  1.22424502 
  4.38493963 
 14.43004588 
  4.27363538 
  0.71318799 
  7.29341303 
 10.09982778 
 14.83091944 
  3.32313881 
  4.97508151 
  3.46756009 
  2.57393078 
  9.31962244 
 10.66327749 
  7.48334867 
  0.66861378 
 16.56317349 
  3.25581371 
  5.82942966 
  1.70149316 
  1.01460410 
  0.56229464 
  2.19254613 
  7.11763084 
  1.60026612 
 20.81924832 
  3.51777870 
  1.65146369 
 10.86127310 
  6.79335472 
  7.09022540 
  0.04105457 
  7.83893214 
 10.62357992 
 10.76534690 
  0.37914533 
  5.19730920 
  1.96222735 
  4.16986235 
  0.41809605 
  0.18171475 
  0.17969580 
  4.17605993 
 22.62724310 
 25.57284708 
  3.18029172 
  3.40706902 
  4.31992837 
  1.67846232 
  1.26895354 
 29.65899017 
  4.68859240 
  1.18484555 
  7.01904300 
 10.98225606 
  3.30839106 
  0.22511884 
  6.88485711 
  6.68066133 
  6.40518783 
  0.45337092 
  2.71963740 
  4.71661601 
  9.85403578 
 10.64215149 
  9.33540183 
  0.33021637 
  3.83727438 
 19.57235404 
 10.88364571 
  0.42670423 
  7.00957761 
  8.06213621 
  2.69965855 
  3.47469806 
  5.19799408 
  4.65382924 
  4.78450385 
  3.93226539 
  4.70197689 
  1.36672770 
  1.02046700 
 21.40853263 
 13.72490171 
  5.19784136 
  2.22382922 
  2.85383421 
  4.07279041 
  9.58006146 
  1.79593538 
  3.30972457 
  4.93517783 
 31.22904439 
  0.82745245 
  3.72057182 
  4.12511343 
  6.02982892 
 25.89978228 
  4.68086196 
  0.91015035 
  2.70451286 
  2.98687910 
  5.51033917 
 22.43524767 
  0.71641695 
  3.14522559 
  0.00220793 
  3.13032554 
  2.33186756 
  1.54008878 
  1.55951611 
  2.51990585 
  0.95698281 
  4.09578540 
  0.59454861 
 19.01312683 
  1.76592476 
  0.11305519 
  7.10447286 
  5.62495546 
  1.73209602 
  0.86257566 
  5.63722240 
  1.86910327 
 12.27966324 
  9.00561062 
  0.49875683 
 10.51131202 
 16.65268361 
  2.01681483 
  4.05911062 
  2.94838497 
  9.50846520 
  0.93691587 
  5.04759663 
  0.06006715 
  0.01392234 
 10.67255251 
  2.99104820 
  2.41475385 
  4.17425105 
  2.45127711 
  3.52602906 
  2.40349283 
  2.00643700 
  0.46603445 
  1.31488651 
  3.79964865 
  2.06910435 
  6.36725221 
  4.33707406 
 15.24882579 
  9.34406088 
  1.66044994 
 12.51940661 
  1.35923480 
  6.48028748 
  4.16815242 
 16.23185651 
  1.49192395 
 16.00053309 
 11.51171440 
  2.76012455 
  9.68782586 
  0.76383843 
  1.30281465 
 25.36679340 
  9.88120011 
  1.30655387 
  1.26021317 
  1.83764082 
  3.66936282 
  3.18610737 
  0.19512930 
 10.12595506 
  9.18879880 
  4.70491341 
  0.72326110 
  3.77303135 
  2.14449320 
  0.46921443 
  1.13723742 
  0.50299848 
  6.57357488 
 21.43267576 
 10.11300764 
 15.86379123 
  0.91837927 
  4.50469162 
  9.13007780 
  1.33625887 
  8.27749189 
  4.88684058 
  6.37498825 
  6.81660944 
  6.82411370 
  2.45343124 
  5.14985939 
 20.01600227 
  2.19711578 
 22.93045103 
 10.05629777 
  2.85819982 
  0.88105203 
  2.65604265 
 11.77048551 
  5.47144697 
  1.83952240 
  4.21087418 
 13.68078664 
  2.07485745 
  3.51163032 
  2.38166054 
  5.23444397 
  1.30249929 
  4.57143466 
  9.30477337 
  2.87281917 
  8.12218379 
  7.63965402 
  2.05787486 
  0.42765901 
  4.11022106 
  1.41545602 
  1.15848751 
  0.57108682 
  0.69059856 
  0.86593600 
  2.46601793 
  0.92136295 
  9.32236338 
  7.86728263 
  0.82476075 
  2.48581331 
  0.98605659 
  8.98494573 
  1.80485745 
  3.33914759 
  0.07983786 
  3.50560600 
  2.06449422 
  0.55865303 
  7.12922247 
  4.03195624 
  1.67874926 
  0.12707180 
  7.92541222 
  0.23131015 
  1.22011606 
 11.03592297 
  6.29535832 
  2.38662249 
  2.42731014 
  1.85196627 
  9.34158697 
 19.04400265 
  2.20815213 
 26.19440387 
  3.70544516 
  0.30239649 
 10.90905224 
  5.92460052 
  0.11970411 
  1.61296219 
  7.03112617 
  1.93227478 
  3.01594433 
  4.06873656 
 20.64948202 
  2.41164000 
  0.52351381 
  1.03458281 
 11.84602811 
  2.14149695 
  0.03014947 
  4.81205972 
  0.30338443 
 17.37426271 
  0.31073571 
  0.65487402 
  0.32536927 
 10.40286080 
  8.45498078 
  1.76330473 
  3.51574842 
  4.28675555 
  6.04036629 
  3.12815594 
  0.15747117 
  6.68007715 
  0.75339550 
  0.82442204 
  1.20878478 
  2.93997363 
  6.60121513 
 10.33520587 
  2.10036829 
  2.36081222 
 17.07426231 
 12.32850363 
  1.63343972 
  8.62502438 
  3.50764815 
  1.05767387 
  0.09282231 
  3.46964524 
  1.95311918 
  0.22305575 
  3.50627609 
  0.44753495 
  2.03416723 
 26.20274308 
  0.30681957 
  2.78851384 
  0.36115908 
  2.05214258 
 13.88502187 
  4.49510639 
  9.38244810 
  5.34751281 
  2.69419743 
  2.44710025 
  5.07450232 
  0.32844791 
  1.66501393 
  5.24364105 
  1.95371318 
 10.16154939 
 16.41240363 
  0.08055053 
  0.17939677 
  0.18290327 
  4.93056346 
  2.76478274 
  2.47043617 
  5.10895761 
  0.42231166 
  2.23369897 
  6.11137389 
 11.54029168 
  1.04894606 
  5.96264756 
 11.55180124 
  0.10721826 
  7.15569120 
  5.67636115 
  1.98893116 
  0.56219944 
  0.76779220 
  0.63544806 
 10.08553497 
 11.82020478 
 12.56857761 
 23.16089461 
  2.35981632 
  0.44825296 
  2.43451061 
  3.09447098 
  9.25952099 
 11.84696312 
  2.82814593 
  1.15815492 
  0.09461448 
  0.98096061 
  2.88827640 
  4.31904611 
  0.94689075 
 13.16509970 
  2.24703736 
  4.97944457 
  0.61692892 
 12.75510107 
  0.15877923 
  3.79767687 
  8.46630921 
  1.75267290 
  8.43127811 
  0.04211383 
  0.22778083 
  4.68790199 
 11.09821722 
  3.59621746 
  2.88321596 
  4.41040442 
  6.65246024 
 11.37560051 
  2.63113801 
  2.87960882 
  0.68264383 
 12.77283234 
  1.04086407 
  2.91269134 
  2.28438551 
  4.70670703 
  0.41647339 
  2.74409176 
  5.09687954 
  0.76242211 
  0.57776622 
  0.23415950 
  1.68322992 
 11.26463311 
  1.53881102 
  7.75325425 
 22.39570971 
  6.23923643 
  7.22036151 
 11.32995822 
  3.71130351 
  1.58962773 
  4.00488445 
  0.18036064 
  1.80147897 
  1.80437296 
  0.99450675 
 24.53894189 
  9.84484217 
  0.74541521 
  2.19564397 
  6.56566596 
  2.06701999 
  5.14797890 
  4.27232701 
  0.69572219 
  0.49047858 
  0.87171997 
 14.18691743 
  1.92406656 
  1.58417131 
  9.69277763 
  6.29476380 
  1.78486168 
  7.60109529 
  0.09226608 
  1.23464296 
  2.51086033 
  2.94006158 
  5.95227297 
  4.62118660 
  8.29316719 
  8.01942380 
  7.47280046 
  1.75059838 
  0.88573985 
  4.64510251 
  0.61163533 
  0.11631276 
  2.06614415 
  1.51059009 
 22.38633382 
  0.87986284 
  7.31001764 
  7.04995717 
  7.32521838 
  5.44636104 
  0.45278067 
  0.16247873 
  2.62831503 
  4.89726295 
  6.31813646 
  4.43192942 
  1.16671841 
  4.17967243 
  6.47241653 
  2.90881351 
  1.48737456 
  0.54455128 
  3.26544404 
  9.08963962 
 11.00657452 
  1.04894386 
  7.92242740 
  0.00020618 
  3.55897927 
  6.94634491 
  2.92989039 
 28.46160260 
  3.91953768 
  0.34857387 
  0.16820106 
  1.83554829 
  2.34506159 
  6.63251964 
  1.52258353 
  6.26199658 
  3.47677944 
  6.61832436 
 10.29128822 
 12.15166678 
  2.95044720 
 19.36424273 
  5.54755377 
  3.91340179 
  1.13090812 
 18.33102812 
  0.80918848 
  1.91620946 
  5.81094839 
 11.38683853 
  1.94272014 
  1.19205385 
 15.45266602 
  0.65146881 
  6.37870842 
  8.94004851 
 10.56709613 
 11.25889982 
  1.86813389 
  3.24867024 
  9.31536411 
  3.25173231 
  0.89229109 
  4.69969882 
  5.87481004 
  8.29039560 
  5.44850743 
  6.22273218 
  1.79966986 
  0.47731147 
  1.16093129 
  3.14340914 
 21.81229874 
  4.48900816 
  1.19354481 
  2.07876998 
 15.75314564 
  5.13431239 
  0.42902959 
  1.06408242 
 14.83714018 
  0.29021380 
  2.48631122 
  0.02943986 
  6.11570563 
 20.82095790 
  0.61312910 
  1.66559244 
  8.50455121 
  3.22299715 
  0.79627862 
  1.89064414 
  0.54670323 
  7.54792458 
  3.62520818 
  7.23520021 
  6.95978037 
  1.66557954 
  4.13669722 
  2.89403733 
  0.86414122 
  3.06076510 
 10.91195424 
  4.16573985 
  1.02019249 
  4.00807947 
  0.56498993 
  9.01974410 
 20.10783011 
  1.41662135 
  4.70304494 
 10.15779702 
  5.79128574 
  3.89879810 
  0.58460500 
 12.50139148 
  6.55751547 
 28.91916364 
  9.98648383 
  9.48296636 
  1.57717234 
  3.20540283 
  8.49590086 
  2.08109292 
  5.69820575 
  1.61900605 
  1.57175740 
  2.21600500 
 17.74335225 
  4.04308509 
 23.82381314 
 20.31269784 
  7.37011330 
  4.76305612 
  0.03931231 
  0.04977218 
  1.04215961 
 10.58492468 
  1.79289100 
  6.98690702 
  0.92966628 
  9.77457607 
  1.86009847 
  4.21223221 
  3.65651558 
  0.11756302 
  1.57682126 
  2.54994333 
 12.05795517 
  5.34081880 
 21.56238293 
 15.65236595 
  0.81789949 
  6.17490330 
  1.37908822 
  1.33253001 
  7.64783356 
 12.02928077 
  6.00875546 
 16.13329975 
  0.90495448 
  2.96552941 
  2.30233508 
  3.01697983 
  2.39716383 
  0.25308157 
  5.65380220 
  0.89295750 
  1.12917245 
  2.10586789 
 16.88227447 
 28.08116925 
  2.51423474 
  0.22507493 
  2.65665865 
  0.67015829 
 10.42588984 
  1.39217586 
  5.70736905 
  0.38182053 
  9.53923332 
  1.66153600 
  7.59400782 
  7.02027106 
  1.03048839 
  5.95149924 
  0.37243313 
  3.59168038 
  0.06677230 
  2.25379309 
 10.04115954 
  2.68769396 
 14.44406375 
  2.58365420 
  4.97176421 
  0.39270054 
  4.95799378 
  3.18250130 
  6.71815387 
 22.87785792 
  5.45435517 
 14.26982596 
  5.20981707 
  2.33184906 
  2.99189775 
  3.08711567 
  8.64371443 
  3.40096501 
  2.33628293 
 11.76527420 
 15.86423425 
  1.32181816 
  8.92734483 
  1.55883994 
  0.09143734 
  9.97601002 
 10.19177846 
  0.27734461 
  1.03157913 
  5.06399914 
  7.00532176 
  8.31120949 
  1.77958435 
  2.34009028 
  4.26678779 
  1.75320741 
  0.22848287 
  0.90442180 
  1.70887926 
 12.82247726 
  5.71052227 
 12.90023565 
  0.36879005 
  5.30156385 
  2.09819795 
  4.99660837 
  7.50046518 
  8.73581935 
  9.30949615 
  2.23229676 
  2.23007543 
  3.14637900 
  5.21149933 
  1.83380640 
  1.21119992 
 12.25291984 
  3.40513776 
  0.72625063 
  2.04605930 
  1.47250244 
  2.52234822 
  2.33489536 
  1.91472590 
  0.82375303 
  4.42056126 
 12.27081728 
  0.84438561 
  0.41140209 
  1.82714456 
  1.17579448 
  0.84217597 
  0.42755065 
  6.41273166 
 14.36920024 
  2.08311996 
  5.30867397 
  5.81135196 
 13.70622365 
  1.33856534 
  4.00464858 
  1.42218288 
  3.37256496 
  1.98512315 
  8.54142535 
 16.62048889 
  0.51900791 
 17.37596488 
  0.88864139 
  6.37836238 
  1.65971317 
  9.67569719 
  7.89374947 
  2.09305648 
  6.90412458 
  0.15103046 
  4.33499896 
  2.95860969 
  0.41380633 
 31.37921438 
  5.78842607 
  2.68388196 
  2.72770140 
  4.39949646 
  7.18488476 
  0.24514904 
  2.82787039 
  4.51116636 
  8.43991095 
  6.76468029 
  2.31740836 
 14.66109321 
  3.40613061 
  0.03267900 
  7.19515094 
 13.34953731 
  7.12738434 
  0.49268185 
  5.25113446 
  9.77149669 
  3.78342553 
  3.29576880 
  6.32991618 
  6.78623139 
  6.89179329 
  0.95504371 
 19.58231831 
  2.20001842 
  3.84466977 
 15.50691975 
  0.03123929 
  1.65255108 
  3.31994145 
  0.00364203 
  1.06662650 
  5.72322726 
  2.01088898 
  4.84656864 
  4.09140666 
  1.89890093 
  0.57685055 
  6.82096321 
  6.77632337 
  2.32600461 
  1.18527406 
  5.35868049 
 44.04950321 
  6.93471043 
  7.07707051 
  1.17532189 
  6.87660958 
  9.08170946 
  1.52535253 
  0.05801214 
  0.42874744 
  2.42115540 
  9.71106421 
  6.89300592 
  6.65373492 
  0.89367979 
  0.95489204 
  2.13853390 
  2.19339760 
  5.14420718 
  5.09918612 
 17.51325595 
  1.96828253 
  9.78728621 
  7.98493868 
  7.26421456 
  0.20175289 
  0.40730583 
 14.51535293 
  2.52914283 
  1.39200035 
  0.43304927 
 10.88577058 
  5.34716018 
  7.26936769 
  1.21870405 
 14.57740129 
  1.04968852 
  0.45088419 
  1.79805659 
 13.31136578 
  2.33499077 
  2.38526153 
  5.59278005 
  6.91325076 
  2.92065710 
 23.41975465 
  9.12015957 
  2.32938441 
  1.34953272 
 14.02511507 
  0.84897209 
  0.35205928 
  5.03122500 
  0.38570489 
  0.32063661 
  0.50735674 
  1.27243354 
  2.29737162 
  0.76886260 
  8.86274086 
  1.60761690 
  2.33035554 
  9.74324927 
  0.66006970 
  6.50154534 
  1.33205900 
  9.71605041 
  2.31821571 
  0.24216503 
  4.53577244 
  0.50165838 
  1.71898113 
 19.92221625 
  6.25775445 
  0.80689179 
  0.39040196 
  0.78084639 
  8.34099831 
  9.57075139 
  6.90836769 
  2.03268162 
  2.40687594 
  0.24604043 
  4.99948669 
  1.68797691 
 12.02072637 
  6.76681542 
  2.29511787 
  0.60569398 
  8.09309851 
  0.85752006 
  6.72490388 
  4.31969447 
  5.02784805 
  0.34478664 
  4.57519732 
  4.27889314 
  3.14806224 
 24.81870342 
  0.37534975 
  8.59295916 
  3.24388913 
  7.39392157 
  3.18437421 
  0.40711352 
  5.03525321 
  7.86178125 
  2.42172731 
 11.57227063 
  0.58974203 
  9.34383943 
  6.61238907 
  2.41953822 
  3.89067475 
 13.88624636 
  4.75822623 
  2.43152553 
  1.43930113 
 13.36484125 
  0.27705876 
  1.60853250 
  0.31818918 
 19.84721413 
  3.47435843 
  3.00196946 
 13.88369409 
  4.50025662 
  8.37374337 
 12.15285886 
  1.39376562 
  0.89704893 
  0.17662304 
  0.53279121 
  1.04899627 
  1.55257529 
  4.89876653 
  2.61012413 
  2.48476880 
  1.39191721 
  2.17876431 
  7.61440649 
  2.80393536 
  1.25291662 
  0.14578367 
  5.87692932 
  2.43654537 
  0.90683954 
  1.41166789 
 10.48592310 
  0.27840974 
  5.64258816 
  2.46293183 
  0.52415378 
  2.60063692 
 17.14885864 
 12.22744426 
  4.31428095 
  4.78834593 
  6.39611650 
  7.67538732 
  4.62841634 
  1.41812321 
  4.50546694 
 18.68308439 
  0.62862077 
 10.48658281 
  2.52795660 
  2.06657557 
  1.23506511 
  6.79547541 
  4.42553147 
 11.80824941 
  4.41996542 
  0.88632530 
  1.13196399 
  2.45925621 
  3.81641094 
  7.59615327 
  2.86064912 
  7.00367554 
  0.26517709 
  7.06251379 
  2.12340666 
  0.62493147 
  8.77109601 
  1.77636503 
  2.03635262 
  7.30658246 
  1.55952002 
  1.36740530 
  6.80324058 
  4.76430943 
  8.10718872 
  3.47746340 
  0.96153627 
  0.48269738 
  0.42399544 
  2.01907090 
  8.07978613 
  1.56067271 
  7.33667877 
 11.74904176 
  0.07634041 
  7.22209128 
  3.08229045 
  0.17546589 
  4.28617488 
 11.87794197 
  0.05053805 
  1.89232629 
  1.82390687 
 16.47035915 
  1.62357757 
  4.40117190 
 15.86350611 
  4.47080317 
  8.54765859 
 17.49011887 
 19.63094531 
  1.63682014 
  4.17318925 
  7.91648746 
  0.22389012 
  2.97018121 
 15.49141395 
  3.77093581 
  1.61635568 
  3.93801984 
  3.90505486 
  0.61224154 
  2.62216185 
  2.78397556 
  9.65931919 
  3.58847084 
  3.59061535 
  2.73031701 
  2.29982494 
  8.94239591 
  2.01732598 
  5.50761102 
  4.99215302 
  1.98191951 
  1.65037735 
  2.92685303 
  3.40552892 
  3.45118414 
  0.49379802 
  1.52079978 
  5.85041450 
  0.91933976 
  4.10754410 
  2.42703360 
  0.05662338 
  7.43658428 
  1.02917041 
  1.72729041 
  1.32147076 
  6.94567011 
 17.08896626 
  5.94285021 
  2.19953098 
  4.18292161 
  7.40419239 
  3.08672379 
  4.24540199 
  7.47553549 
  1.45938710 
 11.97163068 
  2.03140059 
 13.50950827 
  0.70482272 
 20.44890024 
 12.60371057 
  0.55730335 
  1.41943976 
  1.08078443 
  0.00960999 
  4.13063729 
  0.64679683 
  0.48432056 
  1.68147415 
  4.87393497 
 21.27927854 
  1.09097791 
  0.37991754 
  0.56593460 
  5.37346371 
  4.00405457 
  0.44463210 
  2.77355283 
  0.09463669 
  4.98042078 
  1.89514804 
  5.40755132 
 10.47269449 
  6.58784974 
  8.20520647 
  2.50782120 
  6.65205787 
  1.67593368 
  1.62428535 
 10.90049362 
 10.85742392 
  8.94418479 
  5.38479858 
  4.17312522 
 14.28281935 
  5.07577651 
  3.96076720 
  0.49998377 
  0.14429924 
 18.14002250 
  0.71032942 
  3.84069466 
  4.67957580 
  1.95459143 
  0.54013221 
  0.94847579 
  2.87917381 
  2.94475258 
  5.96476592 
  0.54281755 
  3.93285552 
  1.48047380 
  9.03897893 
  1.87833908 
  2.90251950 
 21.70999627 
  4.80398723 
  6.22170982 
  3.02532852 
  6.56543697 
  2.73290226 
  3.86390330 
  0.76340600 
  3.42668979 
  4.24652062 
  5.34724493 
  2.75105253 
  7.28538779 
 11.54108882 
 13.37336809 
 13.83153648 
  1.95036815 
  8.02990154 
  4.33667572 
  0.52898738 
 37.03504173 
 15.70287088 
  0.72629563 
  3.04663797 
  4.13622923 
 11.75809050 
  1.45683756 
  3.54190199 
  1.05002345 
  1.05708674 
  2.08977523 
  2.15894266 
  4.38177299 
  1.33386895 
  3.67169092 
  0.79107916 
  0.87017183 
  2.94676647 
 18.89385914 
  8.03672465 
  0.61615161 
  9.96267781 
  7.32347255 
  0.58464550 
  2.57464340 
  0.79372661 
  3.67838498 
  8.71619511 
  4.44944198 
  0.20081678 
  3.23276084 
  1.14206038 
 18.30557855 
  3.74451181 
 21.64663300 
  1.47929222 
 17.00460856 
  2.04171499 
  0.02905967 
  0.10873191 
  3.16777103 
  5.35585522 
  0.09206529 
 13.63226946 
  0.50311934 
  7.57515693 
  0.03219985 
 20.20248008 
  5.01314321 
  2.69231599 
  3.65075872 
  3.58123677 
 11.37794084 
 23.82703362 
  5.11032177 
  4.10802733 
  5.79470160 
 14.24066410 
  7.33823484 
  9.60857330 
  4.69323724 
  0.12177705 
  2.54593952 
  3.26626946 
  0.67015404 
  2.28469370 
  2.17131074 
  3.68761660 
 10.35939030 
  4.10069810 
  5.94116349 
  2.18213004 
  0.54847941 
  1.14119301 
  5.40429825 
  1.88876779 
  8.82937236 
  0.72955267 
  1.15777289 
  3.67884165 
  7.76957181 
  0.40136387 
  1.71295805 
  0.50857739 
  6.38601462 
 16.81678765 
  3.10599384 
 20.44641473 
  0.55007314 
  7.08690376 
  5.32194386 
  5.44709109 
  9.08972543 
  2.24902931 
  0.31075165 
  3.68485820 
  0.00681450 
  6.77349855 
  3.03689256 
 10.31527212 
  9.43120408 
  0.76836271 
  4.11118383 
  1.03342612 
  3.07397843 
  8.06220173 
  7.48240627 
 13.07676939 
  3.36398343 
  0.46619940 
 15.03820781 
  6.24782399 
 10.33427737 
  0.75569359 
  0.56903932 
  1.24356304 
  6.72711298 
  1.87302330 
  0.53819833 
 12.40375419 
  3.30384732 
  4.02680954 
  3.26513675 
  7.75363599 
 17.81069269 
  1.25445461 
  2.88398105 
  8.04614195 
  8.33890386 
  0.41814974 
  3.24655261 
 17.00659461 
  2.43017425 
  1.88987501 
  0.40877822 
  9.38759881 
  1.41617559 
  3.12356852 
  5.18726363 
 10.88557175 
  0.32491942 
  7.56782335 
  2.06061725 
 10.80321442 
  0.52599686 
  0.62711999 
 11.89237791 
  0.24471798 
 12.54242288 
  8.33424617 
  4.74757721 
  9.00719346 
  4.31146185 
  0.48156942 
  5.04142644 
  5.62230728 
  0.90609869 
  5.69829909 
  3.43542696 
  2.96901734 
  1.22747585 
  9.78692391 
  9.61954626 
 16.35550534 
  0.98864105 
  1.56956296 
  4.68535892 
  3.04942185 
  1.80497183 
 12.19168865 
  4.01043733 
  5.99928296 
  9.70772862 
  4.80923390 
  4.75297262 
  0.45443374 
  1.09722368 
  4.69744318 
  3.56044884 
 12.36047120 
  0.46002992 
  2.07160854 
  0.67793563 
  4.74341249 
  8.92276297 
  4.18055079 
  1.52311333 
  4.61802449 
  0.97972544 
 11.94592460 
 16.09115643 
  1.21372500 
  2.32741953 
  6.00179262 
  1.10298020 
  3.03687326 
  2.20981329 
  0.90225348 
  1.17233819 
  4.10003817 
  1.77526841 
  9.52413126 
  2.89523170 
  3.06225127 
  2.51213623 
  0.56676945 
  5.07409172 
  2.81587695 
  2.22490966 
  0.58090295 
  1.40452276 
  2.04175279 
  0.24486682 
  0.73550903 
  2.06005337 
  5.99203106 
  5.03543965 
 17.49503502 
  9.84508726 
  6.78495877 
  2.70332610 
  5.83372310 
  0.50647683 
  9.29156392 
  0.18784396 
  0.01972048 
  0.42355388 
  0.63598299 
 12.88896087 
 13.17914806 
 11.12738288 
  4.74337874 
  5.23455358 
  7.29920184 
  4.96517106 
  1.65823671 
  0.16348409 
  0.62463653 
  0.35369108 
  1.88837209 
  3.08399508 
 17.28366468 
  4.79962161 
  3.69746885 
  6.94402889 
  2.66550679 
  2.85674740 
  1.02139502 
  8.40185842 
  0.08975018 
  2.69870804 
  0.24175754 
  2.68345452 
  0.94819754 
  3.08072857 
  0.52969697 
  0.69195004 
  2.06237899 
  3.57074284 
  6.53122077 
  3.23959770 
  0.50375730 
 19.02390654 
  1.44275143 
  5.18914745 
  7.00092255 
  1.78664159 
  0.45355380 
  5.36288819 
  2.33739792 
  1.60474989 
  6.80904814 
  3.27191212 
  1.76198180 
  4.05997839 
  0.50169701 
  3.41298135 
  6.40765298 
  2.21014861 
  1.22677636 
  5.98090454 
  2.67351840 
  5.89122685 
  2.23104293 
  4.20751758 
  1.06977421 
  5.01629853 
  6.59796101 
  5.14806216 
  2.28485146 
  0.37534229 
  1.09612940 
  0.39301552 
  8.10804680 
  0.42429398 
  3.99317340 
  1.18508308 
  5.86799161 
  5.47672975 
  0.41740819 
  6.95684535 
  0.31752026 
  0.53525979 
  1.85502431 
  0.65783159 
 15.03298399 
  0.84059452 
  3.47747593 
  2.17177913 
  0.80294618 
  0.91607363 
  5.84662459 
  8.63526489 
  6.29045165 
  1.61185363 
  0.75246957 
  7.60428300 
  0.07995158 
  2.79814632 
 16.65954909 
 15.77175271 
  0.27493758 
  2.88064489 
  6.43918994 
 13.04916650 
 12.05723475 
  2.25441553 
  1.09738250 
  0.16006415 
 11.19637367 
  0.36942877 
  2.58551241 
  0.09577217 
  0.19296853 
  2.42955515 
  4.79218384 
  5.16655317 
  5.39957209 
  6.44946297 
  0.37043635 
  2.24327133 
  0.95099266 
  2.51834913 
  3.92522396 
  1.89877118 
 17.03941496 
 15.16750327 
 12.63617946 
  0.78001245 
  5.05128721 
  1.16182111 
  4.39762712 
  5.77632867 
 12.07758992 
  0.19758868 
  6.14339374 
  2.38706518 
  1.29026222 
  6.06863223 
  3.63747027 
  3.97137185 
  4.99131052 
  1.90169949 
  1.21783387 
  7.87287202 
  4.46839227 
  7.21297131 
  2.45352204 
  1.91658893 
  9.32368508 
  0.85870124 
  0.36290384 
  2.17438783 
  2.16493295 
  5.79519919 
 10.30172893 
 11.33265550 
  1.78275818 
  1.34863360 
  3.04842801 
  4.09307371 
  4.97881357 
 10.51591467 
  3.01828948 
  3.06966500 
  3.81199310 
  7.29676559 
  3.49051351 
  0.45629785 
  2.74618211 
  2.70688458 
  0.26835299 
  0.02779769 
  8.41395433 
  4.00721926 
  1.60150617 
  1.32733730 
  1.00811902 
  7.46157190 
  7.07874089 
  4.04328758 
  2.35866263 
  3.75081445 
  1.64274989 
  4.10628348 
  8.49524405 
  1.17571680 
  4.30654829 
  5.82944393 
 30.77225915 
  6.73562535 
  1.10474583 
  3.11669086 
  8.17547825 
  6.99537080 
  0.80258516 
  5.08957771 
  7.78409183 
  1.27617549 
  0.47527806 
  1.46981023 
  0.15070602 
  7.20880286 
  2.74516449 
  4.72256897 
  4.30568643 
  2.49673338 
  5.92723717 
  0.43541829 
  0.50070643 
  8.64114526 
  2.24499824 
  2.83929184 
  6.73059012 
  3.67287590 
  0.96250800 
  3.65518090 
  3.94213533 
  9.51262280 
  3.34551398 
 23.03572514 
 11.22528235 
  0.87581281 
  2.00151782 
  1.72570599 
  4.41547646 
  7.47217997 
  2.23328475 
  4.48780780 
  6.43788060 
  8.70434570 
  0.24266211 
  0.31110425 
  6.03358770 
  0.63258760 
  2.96273633 
  0.16962668 
  2.08614461 
  2.47024193 
  1.65336517 
  3.11416634 
  3.52211359 
  0.12356378 
 11.35074577 
  3.53635120 
  0.86923603 
  0.63238485 
  2.96774668 
  1.06609754 
  1.33402559 
  2.56107170 
  9.41799410 
 15.94321642 
  2.54450380 
  1.08635662 
  6.73907069 
  1.04768641 
  1.66673594 
  0.06250590 
  6.71001677 
 13.31731172 
  0.35704080 
  5.26302859 
  5.48330385 
  0.60019313 
 22.00276972 
  5.97356025 
  3.09273284 
  0.40928670 
  7.95079120 
  5.96478943 
  0.89090757 
  1.44837755 
  0.81626646 
  9.22044985 
  0.02169672 
  3.10822475 
  3.67657714 
  1.76956063 
  1.45054658 
 12.80769906 
  0.70413014 
  1.53507213 
  1.63357963 
  4.76405325 
  0.79554683 
  2.50118592 
  4.89098153 
 12.30417213 
  4.12828590 
  0.44592144 
  5.43338284 
  2.75113119 
  0.74714942 
  1.07194514 
  0.09906850 
 37.25784186 
  9.23631278 
  6.18247467 
  0.62520585 
  0.97830951 
 15.47281328 
  1.19210480 
  3.56469184 
  9.17932114 
  1.18782105 
 34.28204390 
 21.63051243 
  1.60928304 
  1.32477443 
 14.35187030 
  2.38729469 
  2.17295829 
  2.93201521 
  4.19508906 
 11.23854332 
 10.90571066 
  3.68053751 
  8.77475732 
  6.22342179 
 13.56259799 
  2.20704436 
  4.31634472 
  1.37905152 
  1.15823691 
  4.42586276 
  3.82379572 
  2.19122834 
  2.63715877 
  2.52374303 
  7.19213563 
 11.04650653 
  3.27993701 
  2.47873662 
  1.15027536 
  0.50436372 
  2.04289739 
  6.57782316 
  1.36064377 
  3.29144052 
  6.09137611 
  2.93977060 
  0.92912387 
  6.10748394 
  1.08920854 
 18.84703903 
  9.13223882 
  1.75952260 
  1.14516645 
  5.50001090 
  1.86003746 
  4.04092139 
  4.64168466 
  1.33302231 
 10.01902699 
  7.27243878 
  2.28268454 
  7.63995184 
  9.36464961 
  5.26352387 
 12.35204225 
  0.67312648 
  1.01633164 
  2.15504995 
  2.69672194 
 11.52952337 
  3.12519472 
  1.50777358 
  5.97378454 
  1.55671992 
  7.28334387 
  4.87661108 
  1.84784725 
 16.33273467 
  3.61768501 
  1.76552454 
  2.34010382 
 12.51431795 
  0.21324432 
 14.93942304 
  8.57227016 
 10.59031257 
  2.16961147 
  0.79507879 
  5.10061817 
  5.15119105 
 11.27052212 
  6.05502340 
  0.39498306 
  4.83834128 
  1.64684269 
  9.45274635 
  1.09612445 
  2.94210133 
  1.79607266 
  1.30787926 
 10.45157686 
  0.35256459 
  2.37086685 
  5.51257868 
  0.25720180 
  2.71119145 
  7.67639693 
  2.90459888 
  5.28770115 
  0.65050949 
  7.40671196 
  2.42652671 
  6.98835617 
  8.34974568 
  4.36540551 
  1.84100584 
  1.05430951 
  1.25268459 
  0.21347064 
 14.98071524 
  1.21844513 
  5.01716816 
  4.04570285 
  7.10518867 
  4.34904019 
  6.20840231 
  4.51779218 
  0.65379412 
  3.20164893 
  2.24753269 
  3.44676180 
  3.10484773 
  4.15665161 
  2.50430802 
  2.52411294 
  0.38657343 
  1.47257497 
  6.26106027 
  5.93180699 
  0.16327084 
 10.06399990 
  0.96088728 
 14.15380332 
  5.16575591 
  3.89086080 
  1.17064975 
  0.46101371 
 14.52453979 
  3.14535174 
  2.11118817 
  4.97237097 
  2.06337869 
  3.65205017 
  0.35559276 
  8.99875044 
  2.18483521 
  1.70753935 
  0.70186621 
  9.48433320 
  1.20184387 
  4.95442920 
  4.28213772 
  9.24936845 
  3.58743765 
  0.19033647 
  5.68664784 
  4.46132434 
 11.47480793 
  0.66932599 
  1.24089701 
  6.35230655 
  1.17734066 
  3.33016510 
  0.83671813 
  1.75654062 
  3.74229007 
  2.59067291 
  4.31598956 
 15.04657655 
  3.69204370 
  0.38176811 
  6.05762407 
  8.76752694 
  4.14250975 
  6.62779494 
  9.89123728 
 21.08914651 
  1.84722309 
  0.23467290 
  0.64744263 
  8.42794620 
  0.50724644 
  2.02446190 
  3.05620772 
  5.06150358 
  0.19376022 
  7.91886112 
  8.35529635 
  5.03115734 
  8.18080377 
  5.29328694 
 11.38549478 
  0.14271109 
  1.03751161 
  5.49353617 
  6.65987954 
  4.78942691 
  0.75570699 
 12.39273145 
  1.25690240 
  0.78724037 
  2.94035479 
  3.18861381 
  0.99295976 
  0.49972146 
 14.49189544 
  0.64210458 
  4.11891541 
  3.02009532 
  8.10800797 
  4.70454744 
  1.89315641 
  4.43436318 
 39.54795663 
  1.45824153 
  2.75203126 
  0.36431406 
  1.18381593 
  1.35440775 
  2.90248895 
  0.09369121 
  4.03015145 
  0.11302730 
  7.87812657 
  0.71072015 
 10.81083856 
  0.03302808 
  4.22293139 
  2.77381087 
  1.21979775 
  0.38323602 
  1.81064782 
  2.14049642 
  3.64365682 
  8.02776507 
  2.65568661 
  1.40813924 
  1.74475653 
  7.83698763 
  1.83248639 
  1.23332941 
 10.19556982 
  3.94061112 
  2.43929091 
  8.60177436 
  4.75299520 
  3.06240641 
  4.78798440 
  0.67428621 
  5.04744785 
  2.13987051 
  0.18496806 
  3.98659548 
  4.47511327 
  1.76708102 
  0.12863083 
  6.94714607 
  5.84276897 
 10.55046059 
  0.45267181 
  2.19759573 
  5.33073794 
 15.97179252 
  1.55330492 
  2.56415764 
 10.20863268 
  7.09534285 
  4.13080835 
  2.49598810 
  5.83216576 
  0.24100439 
  6.53793249 
  0.80305554 
  3.00293178 
  2.16733212 
  5.35069809 
  2.22654651 
 18.84242836 
  6.59142435 
 11.13497673 
 15.75184101 
  6.47195950 
  7.63547098 
  1.94933814 
 18.21753594 
  2.75342033 
  6.41960992 
  0.08642373 
  0.09297308 
  2.89361294 
 17.28448735 
  0.03793205 
  1.22707334 
 10.81283357 
  1.41886624 
  2.83630282 
  1.74138646 
  9.50581512 
  1.67248258 
  9.79309561 
  7.22413463 
  8.59090671 
  4.52823883 
  0.56603581 
  0.82617583 
  2.10672041 
  4.56202003 
 11.38232789 
  2.64052763 
  0.03427469 
 10.92968072 
  5.47062221 
  0.33229893 
  2.14149544 
  8.51546438 
  1.18685760 
  5.25604033 
  1.14880376 
  4.20369160 
  0.09461170 
  5.53311407 
  2.79805422 
  8.06015261 
  2.31060426 
  0.32792484 
 16.22329009 
  6.83768105 
  2.98110710 
  2.50108468 
  1.59847133 
  2.07263064 
  2.57845388 
  5.85035228 
  9.00877917 
  4.45265915 
 30.06822273 
  0.16908099 
  0.02736796 
  0.87662352 
 21.65405502 
  0.98303474 
 20.69440048 
  4.66411266 
  5.83281655 
  6.07365228 
  2.26541588 
  1.41721176 
  8.48985765 
  0.43436256 
  1.66954088 
  5.50165996 
 11.28066156 
 13.91320900 
  0.07275972 
 20.36408453 
  2.98942290 
 10.79665328 
  1.86877168 
  2.98525497 
  3.84630260 
  3.38589498 
  6.65206414 
  8.25959326 
  3.46453392 
  3.68345821 
 17.50049645 
  1.54935260 
  0.25423020 
 10.99831813 
  0.43854792 
  2.57684967 
  2.77709621 
  6.07932755 
 36.85769521 
 14.98080880 
  7.53358333 
  1.14294382 
  1.23143206 
 17.58722835 
  0.78360717 
  6.35553992 
  6.84770517 
  1.94611776 
  3.76504051 
  3.81852446 
  0.55392893 
  5.32901961 
  1.27976658 
  4.99748209 
 10.14179816 
  5.92500852 
  1.49841524 
 12.31491719 
  1.91975927 
  0.29171528 
  5.01886116 
 10.41826054 
  0.29435892 
  0.53548672 
  0.24205459 
  0.11082597 
  8.93677582 
  5.90653496 
  4.68346317 
  3.17066541 
  4.24204560 
  0.06091232 
  7.26378156 
  1.31388206 
  0.30280283 
  2.66732350 
  0.13281298 
  4.72121160 
  7.49041727 
  2.50080980 
  1.11265745 
  0.93928404 
  2.20962809 
  1.51956342 
  2.10398138 
  5.64062293 
  1.07583295 
  2.55516546 
  3.46129861 
  2.83076524 
  3.53946956 
  1.14469768 
  3.42079081 
  2.84912000 
  8.26486396 
  3.77919742 
  5.16305714 
  4.49401820 
  0.27114658 
  0.26206523 
  7.76789712 
 21.35944261 
 11.48715054 
  3.39780575 
  7.44366417 
  2.08588341 
  3.35273605 
  4.60363488 
 12.99195446 
  0.46832217 
  2.32073911 
  0.83013690 
  0.64838322 
  5.83745230 
  5.59291508 
  7.05272614 
  7.07382559 
  4.94712192 
  2.14009920 
  0.24941293 
 12.83118332 
  0.07909666 
  1.17359117 
 21.82833760 
  0.23841425 
  0.46570975 
  3.80170250 
  0.74357352 
  1.73671634 
  2.63940299 
  4.89463515 
  3.33111171 
  9.31264178 
  0.81698887 
  4.54004854 
  4.56049140 
  2.37985756 
  4.62773912 
  0.58917291 
  1.16738414 
  7.58503327 
  0.25426326 
  1.11002114 
  9.29624074 
  5.20150159 
 15.62281440 
  3.18712066 
  1.32236546 
 20.98893778 
 19.80291932 
 14.75822754 
  0.70356084 
  0.36488286 
  2.79230313 
  1.07136949 
  1.13990048 
  1.11294947 
  9.22806516 
  2.24763055 
  1.60926085 
  7.60324085 
 11.71083486 
  0.85871437 
  5.87443849 
  3.02169947 
  4.77773892 
  0.75680575 
  1.43918027 
  4.04111662 
  2.18473805 
 13.31926368 
  1.67227171 
  4.09653097 
  2.17408654 
  0.78059937 
  2.26411374 
  1.25439866 
  0.30956329 
  0.18472958 
  9.60327343 
  1.18472248 
  5.12779175 
  2.27157094 
  2.31007288 
  2.60179510 
  1.47380867 
  1.55471609 
  2.15452588 
  1.75353408 
  1.00436886 
  2.67292210 
  6.38896755 
  4.08113669 
 13.14615411 
  2.47456412 
  5.09771428 
  0.30730736 
  0.21935361 
  5.73733849 
  4.71342007 
  8.87561557 
  0.28536317 
  2.18389959 
  1.98943824 
  3.35846795 
  4.54918532 
  3.07652088 
  1.42700412 
  3.53204239 
  0.34980164 
  1.75923254 
  0.17409580 
  1.51411160 
  5.90361713 
  3.63451969 
 10.28313513 
 10.29102132 
 10.98976017 
  2.64827969 
  8.22910679 
  6.55031793 
  6.30350757 
  1.98925419 
 18.44369733 
  0.79290953 
  8.97475166 
  0.67883865 
  2.02063832 
  0.10999037 
  4.93491748 
  0.62186787 
  6.65155053 
 16.79434960 
  8.53785649 
  1.84818585 
  5.68761933 
  0.03398259 
  0.63039776 
  2.56615200 
  1.65656681 
  9.22229407 
  5.32762526 
 11.23875208 
  7.46829153 
  1.33349873 
  5.18745511 
  5.06708698 
  8.76278546 
 13.77930516 
  0.23772954 
  8.25468491 
  2.80913789 
 20.64358607 
  5.23859641 
  0.72866470 
  0.90194413 
  9.10766157 
  7.78143335 
  9.04147914 
  5.87267684 
  1.19245452 
  7.21807295 
  4.36305639 
  5.18267938 
  0.19264829 
  3.60070131 
  0.37145960 
  0.60521728 
  4.62749909 
  1.03726933 
  6.24173445 
 11.04297279 
  0.21806835 
  3.87742171 
  7.19106935 
  9.50807808 
  3.80429487 
 15.85842701 
 13.44444890 
  5.33970759 
  2.11450098 
 11.04517958 
  2.45750319 
  0.72542475 
  0.64030042 
  5.66239746 
 18.30399081 
  4.29169746 
  3.31703651 
  1.06628123 
  3.23962633 
  1.12207563 
  1.58507143 
  0.45641427 
  6.49627311 
  2.01452712 
  7.39649170 
  0.43318422 
  0.80473970 
  1.96562545 
  2.88343791 
  1.35365281 
  6.37219429 
  0.14351134 
  1.69358436 
  0.93837554 
  1.37815813 
  1.62595702 
  3.51225130 
  2.85810313 
  3.55174272 
  6.31355634 
  1.70680301 
  0.47498650 
  1.54612149 
  6.98519385 
  0.68828567 
  7.96083814 
  1.24556469 
  4.52366726 
 26.67245281 
  2.12652919 
  3.32667458 
  0.44213535 
 10.94921489 
  0.27063364 
  0.30469838 
  3.14840356 
  1.30077416 
  1.07179783 
  8.00799064 
  7.13228123 
  0.10537445 
  1.23959041 
 27.28097674 
  6.01266699 
  3.15962756 
  1.19904303 
  1.02275374 
  4.43035331 
  1.65847862 
  9.82858829 
  0.61266617 
  3.59914827 
  2.35176831 
  4.77655629 
  4.07426141 
  0.49499065 
  1.73749068 
  3.79114950 
 16.12587134 
  2.74419550 
  1.14171820 
  1.23218124 
 10.27681732 
  6.47654904 
  0.86343622 
  4.75420846 
  8.36255253 
  1.31984331 
 10.90506876 
  4.20604831 
  1.62707714 
 10.76243539 
  7.75166306 
  8.47393864 
  6.55047209 
 22.41677774 
  0.68980296 
  0.19578086 
  1.02286428 
 19.08853200 
 12.05623228 
  0.69272999 
  4.93363303 
  0.64683001 
  8.96836380 
  3.18835147 
  8.25190613 
  1.24572754 
  2.60259929 
  0.53629662 
  4.98706285 
  7.46773618 
  3.24178245 
  7.52105192 
  1.13005831 
 12.30524725 
  0.83900618 
  1.21611653 
  4.32957425 
  1.42624692 
  1.52891981 
  4.70673256 
  4.01452238 
 12.92954066 
  3.80380961 
  5.76854117 
  5.99918946 
  0.69381254 
 11.19814997 
  9.70328956 
  3.19794475 
 17.80386448 
  0.40677357 
  7.92712988 
  3.06141003 
  5.29865614 
 11.90348022 
  4.09070634 
  5.06527724 
  2.13581488 
  8.72623340 
  0.85420162 
  7.50209289 
  0.62726680 
  3.43701171 
 12.90817287 
  3.78733633 
  2.42742390 
  0.75311813 
  8.96158962 
  2.24438341 
  0.39905239 
  7.66250813 
  0.88200397 
  0.54066307 
  2.55695991 
  0.39274112 
  0.30614493 
  0.99237005 
  1.00754008 
  8.57675552 
  0.19411539 
 13.60624064 
 14.51465133 
  2.97398006 
  2.27149190 
  2.17278018 
  0.58709860 
  1.61099088 
  0.86213794 
  0.63467154 
  5.41269814 
  7.46563783 
  6.84093148 
  4.32305902 
  7.15545720 
 16.70640078 
  9.86370737 
  2.26148052 
  6.04617518 
  1.99816041 
  0.16095309 
  9.43284362 
  9.23001974 
 11.07289781 
  3.85562646 
  0.51834593 
  3.18970581 
  5.47901080 
  4.76291174 
 12.64277670 
  5.77264274 
  1.39457803 
  4.38540094 
  3.43622247 
 19.29145108 
  5.27831708 
  6.15320043 
  2.44084652 
 17.04495477 
  0.78902333 
  3.22342244 
  1.61849728 
  4.53859905 
 10.83375057 
  0.10322724 
  5.50285159 
 25.25903472 
  1.47347340 
  1.52708287 
  0.21871043 
  6.05653689 
  5.27282730 
  5.82193149 
 31.21109106 
  4.13120450 
 10.83548022 
  1.05544174 
  8.50730724 
  0.92387991 
  2.34139451 
  1.10834676 
  1.42557990 
  4.65174485 
  7.33768883 
  3.59668470 
  4.45192302 
  0.03384224 
 14.37306603 
 24.14223469 
  0.84842296 
  5.75895037 
 12.53026654 
  5.49901938 
 16.76986239 
  5.66927583 
  9.80318138 
 28.12293742 
  1.90891158 
  7.77221083 
  2.24942242 
 16.49138657 
  3.07153378 
  3.35676269 
  7.56538744 
  5.96344934 
 13.52886633 
  3.59553585 
  0.85880846 
  0.67573033 
  0.24983729 
  8.38203156 
  2.59190864 
  1.60205143 
  5.77761052 
  4.16474878 
  1.21112776 
  0.45886449 
  5.30251043 
  1.51877630 
  3.20993617 
  7.15102702 
  0.94821424 
  1.75005628 
  5.59499076 
  0.18515213 
  4.49098656 
  1.46103038 
 10.06409335 
  5.14999916 
  2.42998561 
 20.20503700 
  2.29726465 
 12.53877303 
  2.11611713 
  4.23384492 
  1.04033318 
  0.02552529 
  9.74061162 
  0.28972424 
  2.31267247 
  1.65850532 
 18.77364094 
  7.60088236 
  0.16165626 
  6.57844742 
  1.28990283 
  3.17470901 
  0.83990896 
  3.67734990 
  0.92841189 
 11.33491693 
  3.28853535 
 15.44934906 
 15.27170232 
  0.63888436 
 13.46921322 
 12.17231340 
 11.38023133 
  1.14208837 
  3.01514473 
 10.14535759 
  2.92929634 
  2.80538188 
  2.19226603 
  0.59819431 
  5.22686587 
  3.71119552 
  4.34266229 
  8.32251685 
  0.15459308 
  5.49093265 
  2.85945926 
  1.63947382 
  0.77979206 
  0.31516582 
  2.70729032 
  0.55800386 
  2.92486123 
  4.62228692 
  6.80467652 
  0.07091149 
  2.44511275 
  2.65180403 
  2.13320458 
  9.33827696 
  8.88718719 
  3.57678163 
  4.74512259 
  7.68989188 
  8.46691335 
  2.84666073 
  1.94771489 
  2.50737775 
  1.23734660 
  0.10625833 
  0.03464390 
 13.20033979 
  3.45457553 
  1.98357310 
  5.02792315 
  5.41140233 
  1.05635273 
  1.09750176 
  4.30322020 
  3.72131404 
  6.63135488 
 32.27081493 
  2.57419971 
 17.93765398 
  1.86480254 
  4.93607949 
  0.15454082 
  0.80723739 
  6.37939580 
  2.03760638 
  2.44354943 
  2.83400076 
  8.04923248 
  0.19757809 
  7.10447999 
 14.84308191 
  5.26065533 
 10.64721676 
  3.68319545 
  4.76057553 
  3.33587969 
  5.13613787 
  1.66898596 
  0.06000139 
  4.85610390 
  5.27616928 
  0.49472083 
  8.26806811 
 11.02058854 
  1.69510584 
  4.24253083 
  4.55490023 
  0.08389934 
  1.40312217 
  6.53258616 
  0.37190023 
  2.58572738 
  1.02419367 
  7.24986268 
 19.27934322 
  2.08709424 
  3.89325618 
  4.09652452 
 14.03588321 
  6.71920933 
  1.16691548 
  1.99782047 
  1.75166084 
  1.98016771 
  0.43209242 
  6.85221577 
  9.22351249 
  9.55778988 
  1.46036592 
  1.24549135 
  3.74786079 
  4.10566282 
  7.76799835 
  0.05714585 
  2.05682024 
  1.11428517 
 16.39408013 
  3.18742991 
  7.97683675 
  7.69032728 
  5.71749659 
  1.09219509 
  2.83238404 
  7.90955101 
 24.98651446 
  6.83148496 
  0.71657476 
  8.18543497 
  0.30519779 
  3.48994891 
  1.32556639 
 22.38521596 
 14.95483297 
  3.19364466 
 30.68005843 
  8.35012765 
  3.71026288 
  0.12564038 
  2.39845592 
  2.42438459 
  7.17941786 
  1.81194138 
  5.88795387 
  4.58604244 
  5.61984323 
  3.88312087 
  4.26217299 
  2.43253254 
 11.88018390 
  0.21125687 
  6.46845132 
  0.15963254 
  2.09446027 
  3.01513171 
  0.06011939 
  1.30516800 
  0.59966265 
  2.69343548 
  1.54868274 
  1.12869836 
  8.70033735 
  5.74870141 
  2.50776613 
  5.69861089 
  5.32128294 
  0.88387963 
  7.29725696 
  4.75022519 
  0.03100926 
  5.23053386 
  5.41473921 
 16.44476779 
  2.42191775 
  3.47814403 
  6.96294218 
 10.94627673 
 13.54522511 
  0.01934290 
  1.79377065 
 22.10577351 
  0.39196692 
 13.24479714 
  5.44592957 
  5.11013177 
  8.32124591 
 22.03457271 
  2.48198039 
  0.71625397 
 15.32009893 
 10.19033567 
  0.82314308 
  2.13582422 
  3.06509166 
  0.39655168 
 11.08452201 
  1.84121877 
  0.07926882 
  3.78661371 
  5.03891955 
  1.53963927 
  5.16859225 
  2.75429722 
  0.00834412 
  2.85142384 
  1.85059295 
  2.18410497 
  1.97677967 
  0.13311380 
  0.59460740 
  5.38594246 
  2.48279998 
  1.55076490 
  4.32480230 
  1.61582941 
  8.35464377 
  0.55913595 
  0.62029142 
  0.11841585 
  0.64388899 
 12.35989436 
  4.69581479 
  8.17960044 
  2.53102775 
  2.80131220 
  2.48194467 
  2.10922481 
  2.00717891 
  1.72118533 
  9.67398165 
  7.01620837 
  7.37695067 
 14.58339958 
  1.19160537 
  0.87439105 
  0.58069715 
  1.37975128 
  2.76112048 
  5.83201986 
  2.79393729 
 17.02143928 
  2.37279400 
 10.81685492 
 10.72870289 
  4.39218466 
  4.75484165 
  3.66888542 
  5.20074796 
  9.10870616 
  2.08842805 
  5.37280183 
  7.08083613 
  4.07613613 
  4.10162341 
  1.11726346 
  8.99009123 
  3.58944760 
  9.80343233 
  1.77302824 
  3.09821987 
  4.97915602 
  4.47806755 
 15.58088961 
  0.49796007 
  0.34707177 
  3.82323217 
  7.33713590 
 14.18296196 
  9.43742642 
  0.62104979 
  6.84866995 
  5.47999292 
  4.83180642 
  3.23973809 
  6.37808280 
  0.51851406 
  4.01275411 
  2.53548820 
  4.67360321 
  6.39636327 
  3.17203956 
  0.39413731 
  4.96068002 
  2.58434037 
 10.13882647 
  3.92107027 
  0.04165592 
  2.39178795 
  1.79290532 
  2.12075937 
  9.24664699 
 11.23732648 
  2.65217278 
  0.68771201 
 13.67244189 
  6.52560547 
  1.63903309 
  3.46050088 
  9.60572493 
  1.27175377 
  2.92184460 
  3.64825549 
  3.28032886 
  3.05040114 
  6.16300138 
  5.20694863 
  7.30151244 
  3.13424170 
  0.27824685 
  4.54762329 
  1.59676951 
 11.85503156 
  2.31187636 
 12.27754130 
  7.05116553 
  0.80790019 
  9.63202315 
  3.48313239 
  4.49534992 
  3.89563757 
 11.35173926 
  0.74753075 
  0.58969082 
  0.76022824 
  4.30768434 
  2.29317769 
  2.11960483 
  2.43801986 
  2.69765572 
  4.37692710 
  0.86624829 
  5.11074496 
  9.20884913 
  5.59162248 
  4.25334486 
  5.59486796 
  1.64298619 
  7.72217777 
  6.43407228 
  3.76371408 
  4.69400237 
  0.16871694 
  1.54449796 
  4.52327314 
  0.50778024 
  0.88171064 
  4.56040842 
  4.72925705 
  1.41672294 
  0.51312739 
  0.55241642 
  1.20516537 
  8.31658291 
  2.21087417 
  0.82487200 
  4.36132828 
  0.15600220 
 10.79371482 
  3.23573225 
  3.15312028 
 16.67392911 
  3.73607191 
  1.00634535 
  1.75726582 
  1.98742859 
  6.93858598 
  0.17165566 
  1.38241700 
  0.89947271 
  0.37872704 
  2.88788917 
  1.27040804 
  6.82328363 
  0.62652286 
  0.09844534 
 19.80827733 
  4.45041833 
  1.06718210 
  0.01182033 
  0.49373828 
  0.97097096 
  1.36170341 
  5.13923222 
  2.27808560 
  4.72101121 
  1.11026952 
  0.84918707 
  7.16762237 
  0.04040856 
  2.37472378 
  1.48508811 
 25.64524551 
  2.93117699 
  4.73462361 
  8.69064417 
  6.31607860 
  7.56668427 
  0.30178061 
  6.81957547 
  2.83166293 
  2.45778408 
  1.95886627 
  0.39731320 
  3.43351591 
  2.06935122 
 27.06279433 
  0.26059539 
  0.94373306 
  5.26259423 
  3.45349479 
  1.17540732 
  4.53345314 
  2.79419899 
  1.12037467 
  8.31838883 
  1.81249117 
 10.25282018 
  6.02440588 
  7.60227927 
  4.31626846 
  4.39265321 
  1.70699880 
  8.15399998 
  1.15463153 
  0.41708516 
  4.15421332 
  0.97782377 
  0.97128593 
  1.28707725 
  1.03933762 
  3.86062152 
  1.40518536 
 10.67566185 
  2.38078528 
  2.76387342 
  1.83789835 
  6.09032272 
  4.97635041 
  8.63892364 
  1.14278505 
  2.87133781 
  0.94200627 
  2.88222617 
 15.14233518 
  3.89184494 
  2.03369745 
  1.76947588 
  0.51804827 
  1.86264736 
  6.22605730 
 14.95321811 
  9.82779732 
  0.59635194 
  0.29336760 
 17.05500400 
  3.78230333 
  3.27190246 
  9.32049232 
  2.86629901 
  6.49313650 
  7.68169545 
 10.67738881 
  4.15200389 
  9.93132531 
  3.06318544 
  2.68774318 
 15.31260090 
  3.68743754 
  2.04437058 
  4.30008066 
  0.55051788 
  2.66069751 
  4.42292117 
  4.25106166 
  4.31436534 
 10.22570646 
 11.29490161 
 10.98873476 
 15.56610777 
  1.88916024 
  0.86891658 
  1.08822115 
  3.38878210 
  5.09106150 
  4.57357879 
  0.16175585 
 10.08534523 
 12.55898817 
  2.84170322 
  2.63529188 
  1.88375906 
  3.91164473 
  4.69533040 
  0.46964293 
  3.13777989 
  0.83487223 
  1.25561491 
  8.34105168 
  1.31246491 
  1.14467668 
 15.32456184 
  0.53912009 
  3.15591607 
  2.43979984 
  6.09174660 
  0.01334093 
 14.36009322 
  4.42592693 
  3.17454879 
  0.00003816 
  1.45654137 
  4.03429822 
  2.07758742 
  0.27605875 
  1.77970010 
  1.45651852 
  1.18836883 
  1.97924694 
 13.83133318 
  3.45157516 
  1.30363555 
  1.74007845 
  1.29937322 
  1.33584240 
  2.37968538 
  5.51123875 
  1.68826297 
  4.37665538 
 10.03678854 
 13.92157890 
 28.57011630 
  3.85573949 
  0.09114479 
  9.45235891 
  5.54812283 
  7.11354748 
 11.17509234 
  4.28682913 
  2.21328415 
  0.71919844 
 18.24381091 
  7.37274828 
  4.98877602 
  2.92151794 
  1.10825279 
  0.50812330 
  9.81963858 
  1.51351765 
  4.09971516 
  4.36021739 
  1.64197066 
 11.12818365 
  3.14008292 
  1.17987242 
 13.88940678 
 18.98876758 
  0.53014730 
  0.10367379 
  0.67384142 
  5.38644453 
  6.55268432 
  5.00120354 
  3.00641454 
  0.25940512 
  2.97664523 
  0.25676838 
  4.62654897 
  0.95043121 
 13.17931742 
  9.70407911 
  0.70430710 
  0.42339975 
  3.75120856 
  5.49960742 
  4.52921739 
  0.78670366 
 18.30224655 
  1.03292538 
 15.30984159 
  2.04566123 
  1.67034187 
  1.26923505 
  6.73525892 
  0.23535683 
 19.47351147 
  8.22967785 
  9.00431861 
  3.27094994 
  3.58844671 
  4.27158830 
 21.07573623 
  1.06327124 
 19.22485336 
  2.96954650 
  0.19585714 
  8.40982280 
  5.66794755 
 11.46490807 
  5.29084176 
  0.07451615 
  1.66983732 
  2.02420051 
  1.17612574 
  3.62809029 
  5.52708976 
  0.46264354 
  3.07453444 
  0.25808815 
 27.16855813 
  0.30017022 
 28.72085519 
  1.52634004 
  0.97048221 
  4.07916491 
  7.50864008 
  2.14470874 
 11.41467722 
  5.05253455 
  2.49235766 
 11.43032517 
  5.97126245 
  1.37343019 
  1.15905324 
  0.97566960 
  3.93209837 
 13.26973303 
  7.15792930 
  2.48433271 
  3.77135571 
 15.54798111 
  2.00835335 
  1.92965838 
 12.16919428 
  0.39373757 
  1.73453730 
  1.47077920 
  0.69691078 
  4.42645336 
  3.20673936 
 10.21310193 
  7.20375805 
  2.47919095 
  4.66666033 
  3.08834962 
  1.75520782 
  3.89855351 
  4.16202766 
 10.25087706 
  7.61557588 
  2.75497321 
  2.11628292 
  0.21832825 
  4.67121881 
  8.25824351 
  5.26395238 
  7.94597738 
  6.71405907 
  1.47819527 
  2.99618529 
  1.48383207 
  7.26184467 
  0.20343217 
  0.75337566 
  0.83020280 
  5.21122234 
  1.38549011 
  4.58290738 
  1.98070763 
  0.93344469 
 10.68343982 
  3.57679332 
  1.44139257 
  6.69262912 
  3.55943658 
  0.75349970 
  1.81493093 
  4.04507907 
  2.04829406 
  7.17834243 
  1.90221639 
  9.66277627 
  5.76926255 
  0.31999197 
 11.98630795 
  4.01641061 
 13.50965763 
  6.25080373 
  0.85154362 
  1.18997144 
 11.21377749 
  4.93279620 
 15.41410906 
  0.43409769 
  2.90388920 
  8.11985666 
  6.59625182 
  7.53144806 
  0.83562203 
  3.70427486 
  3.40278784 
  4.99212653 
  4.37753449 
  2.47596893 
  2.58597104 
  2.01555762 
  3.30396352 
  3.33508106 
  1.39667978 
  8.80150983 
  0.92307375 
  1.02796196 
  1.53156572 
  2.51390739 
  3.41308754 
  0.30677058 
  6.73396317 
  1.48591059 
  4.60364103 
  0.79309961 
  9.57802048 
  0.53336554 
  4.38844581 
  8.81978974 
  0.82910901 
  6.33848705 
  0.55670356 
  2.70105439 
 10.35570942 
  2.43267043 
  1.76049234 
  8.53597692 
  6.29120638 
  3.01072908 
  2.98449423 
  2.94981208 
  2.81608294 
  5.06975729 
  4.94836291 
  5.35534666 
  6.75324361 
 13.98614448 
  0.93405856 
  0.67035884 
  1.08377810 
  5.74067718 
  4.01204656 
  2.08803861 
  0.02200109 
  7.75937805 
 16.84554974 
 13.09702553 
  1.57260123 
 10.80659966 
  7.05349141 
  1.29068722 
  1.81155303 
  1.21734404 
  4.10353432 
  5.30939811 
 10.56839552 
  1.20635882 
  2.73809369 
  5.65452484 
  3.10333368 
  0.24749638 
  1.94982996 
  8.46023905 
  0.70437953 
  4.87233205 
  1.06166185 
  3.35886747 
  3.30718475 
 21.85883066 
  1.25235414 
  0.38316128 
  3.05022815 
  3.47542441 
 17.59042315 
  5.04862782 
  1.95829387 
  7.92902245 
  1.32245460 
  3.23886105 
  0.80937784 
  0.60630502 
  3.01566807 
 15.95434914 
  1.48933193 
  1.00775700 
  2.21639666 
  3.93068411 
  1.25625656 
  5.01106905 
 11.49276735 
  4.50187860 
  6.08438936 
 22.75964450 
  4.49426625 
  6.44341306 
  1.06596911 
  3.21699149 
  2.71661566 
  2.31886060 
  5.89537113 
  7.31193925 
 21.85391024 
 10.16194601 
  0.26838389 
  0.60994852 
  6.74263999 
 32.36272548 
  8.36586090 
  1.02000419 
 23.72711225 
  3.39188098 
  8.17180707 
  3.93873900 
 17.37279157 
  1.47663354 
  1.59918444 
  2.52142729 
  1.13598090 
  5.02741524 
  1.54771915 
  6.47002483 
  1.27346330 
  2.12778458 
  0.86581636 
  4.04081986 
  0.66422014 
  3.31847073 
  0.52448919 
  2.27264851 
  0.02746064 
  4.39375651 
  1.23427160 
  1.88768721 
 11.05379328 
 14.94442544 
 13.79912195 
  6.25232114 
  4.29517463 
  0.07568038 
  3.31870276 
 15.68233479 
  3.14856135 
  4.76775414 
  0.46552800 
  0.71403127 
  8.63222644 
  4.50458876 
  0.26831465 
  2.23298687 
  0.64379135 
  3.02518841 
  1.39790983 
 22.37800736 
  3.52880361 
 12.92139904 
  1.81925930 
  6.94098063 
  0.79611324 
  4.62910206 
  3.23870362 
  4.68808429 
  2.78661654 
 19.65379041 
  0.56768601 
  8.53882261 
  2.05138807 
  5.68175019 
  1.40008126 
  0.97547282 
  2.20008384 
  3.46171068 
  6.04479600 
  2.26434397 
  2.10078431 
  1.22589661 
  5.64133930 
  1.19600941 
 25.64754323 
  0.59739644 
  4.35843941 
  7.94046779 
  0.13798848 
  2.89688795 
  2.63671476 
  9.30847408 
  2.12022345 
  0.93539522 
 12.84555054 
 14.03368997 
 14.76983950 
  4.48765570 
  2.73537668 
 15.78712553 
  4.89826393 
  2.02461658 
  4.17839028 
  5.48650024 
  0.78901200 
  4.67257841 
  1.11184424 
  2.38591544 
  3.36666123 
  3.67858295 
  0.86473450 
  5.12372303 
 20.43449032 
 22.46784532 
  0.08629634 
  1.31781937 
 17.18707314 
  1.79986986 
  0.40231820 
 22.84249376 
  4.98217415 
  4.72557562 
  4.65966332 
  0.74289649 
 13.63981325 
  0.36537867 
  2.05537776 
  2.50627055 
  2.26075784 
 10.67863560 
  9.41155533 
  2.33262518 
  2.16754859 
 21.53670199 
  1.64605426 
  7.01787193 
  5.72810508 
 10.08654378 
  0.30467352 
  4.84324838 
  3.29641998 
  1.34918720 
  0.86658010 
  1.26698330 
  0.88878923 
  6.26413833 
  0.25229463 
 12.32096274 
  0.18049870 
  0.37086915 
  1.33932367 
  1.25432978 
  0.52156270 
  6.78628799 
  1.05122326 
 16.84034881 
  7.73562547 
  1.74085271 
 16.99746139 
  6.70460561 
  6.17074322 
  1.65810738 
  3.07667977 
  2.36776567 
  2.49403735 
 11.25192767 
  8.21412176 
  5.41929893 
  1.42229500 
  1.87557479 
  7.48955073 
  8.81466026 
  5.12178267 
  0.81048534 
  1.21880621 
  9.80592192 
  6.98369542 
  0.22654292 
  3.90062837 
  0.03324381 
  1.29109520 
  0.79754225 
  8.58280935 
  6.26158699 
  3.14385423 
  2.27090335 
  5.56378459 
  2.99714633 
  4.31770527 
  0.18934568 
 12.48946183 
  6.87190128 
  4.03069288 
 12.22006434 
 13.89734087 
  2.02876088 
  0.90626841 
  4.05220473 
  2.71345500 
  0.87624682 
  4.00509929 
  4.44517537 
  1.93690605 
  4.99334296 
  6.32876778 
  5.37443901 
 16.47692080 
  1.53185766 
  3.57652069 
  7.06877855 
  1.38588652 
  2.36560834 
  0.75034297 
  2.04378803 
  4.69366628 
  1.45152151 
  1.74751158 
  2.55431721 
  4.31387560 
  5.10203872 
 11.87916182 
  1.28310710 
  1.87767336 
 15.79891570 
  0.99494759 
 27.30316529 
  1.74246286 
  9.77004171 
  2.01873675 
  1.25675450 
  1.28029635 
 10.08629535 
  1.57729413 
 26.16329593 
  0.63039512 
  0.52675497 
  6.61246159 
  1.66850429 
  2.39823923 
  1.05930918 
  2.61831630 
  3.20409993 
  1.26808535 
  4.99165467 
  0.93919551 
  2.91493312 
  2.60761875 
  0.60051275 
  8.13068643 
  8.07656317 
  0.09463364 
  1.01010338 
  0.58359719 
  7.39686985 
  2.86188263 
 16.29288871 
  1.72148705 
  0.85824224 
  2.85759236 
 14.69570782 
  3.43155785 
  1.11775866 
  7.90600118 
  1.21095948 
  2.22138405 
  1.11796283 
  4.94627755 
  2.37932291 
 12.77669260 
  0.90354194 
  0.27692806 
 15.89414895 
  6.14360157 
  2.07576559 
  3.42459782 
  6.75713949 
  4.33728648 
  9.85368490 
  1.86804937 
  6.15976362 
  0.85677606 
  2.86563332 
  6.76267657 
  0.51439372 
 10.14163979 
  1.39352770 
  8.24811542 
  0.04464673 
  1.83277009 
  0.47646495 
 17.99360868 
  2.72383796 
  5.36173889 
  2.23138884 
  0.08055041 
  1.35530277 
 15.80414491 
  1.93602997 
  7.59881862 
  6.59009234 
 10.70343212 
  0.74799755 
  5.04070846 
  3.17091256 
  4.47498222 
 25.82581221 
  0.25629126 
  6.59877303 
  7.38661951 
  7.89346874 
  6.39855916 
  0.32570327 
  2.09917020 
  3.14672938 
  9.64016436 
  0.91026759 
  6.08648747 
  0.46403011 
  5.36716729 
  4.49973254 
  5.00563591 
  1.17979215 
  6.27037124 
  1.06583247 
  0.15961472 
  9.33640304 
  6.97381067 
  1.04294626 
  0.13381147 
  3.64848732 
  0.49382085 
  2.69089470 
  6.74300631 
  0.98122208 
 11.16880505 
  1.80164099 
  2.04269023 
  5.43559725 
  3.13940195 
  5.80413425 
 17.52623014 
  3.09943422 
  0.91769628 
  6.32899807 
  5.48200133 
  6.25491248 
  6.53268664 
 31.41022993 
  1.35706246 
  4.56660770 
  1.46840459 
  9.02391192 
 12.67822242 
  1.92389803 
  4.16904625 
  1.63074857 
  8.97480506 
  0.03667833 
  6.87141633 
  4.25130584 
  4.69357200 
 15.91701695 
  4.35607890 
  3.53193730 
 20.73072351 
  0.46319443 
  1.01445086 
 10.56366250 
  0.90110630 
  4.47705364 
  0.85485489 
  7.28954502 
  2.32720389 
  1.84430280 
  2.78056690 
  4.39239689 
  7.32141789 
 17.47198292 
  7.06350242 
  3.28092645 
  7.33750591 
 12.13134823 
  1.58763863 
  2.57325868 
  2.17258376 
  1.23682956 
  2.69721297 
  5.87315641 
  1.53435437 
  1.09632077 
  6.82440932 
  5.98641264 
  0.77257096 
  0.67872353 
  0.10454566 
  6.16168603 
  3.46760073 
  6.09871661 
  0.96778792 
  2.02956687 
  3.13124547 
  2.45556699 
  7.99769295 
  8.12041820 
  2.36439397 
  1.83574326 
  5.73097671 
  4.95920964 
 14.32597170 
  2.28253467 
  7.69663879 
  4.05690172 
  6.59853001 
 11.19344481 
  2.88290987 
  8.93913100 
  0.76660442 
  1.80420759 
  0.97552105 
 11.02778009 
  3.47796423 
  2.13969167 
  0.27207789 
  7.49598786 
  1.28132999 
  1.96083317 
 13.68982218 
 18.43909766 
  0.20029025 
  4.75069286 
 10.45799209 
 10.99986259 
  8.67367943 
  9.85478382 
  0.94419333 
  0.49904980 
 10.56070349 
  4.72853324 
  3.04217148 
  0.13143238 
  5.07694488 
  2.97004394 
  3.84680431 
  6.48336807 
  3.77573841 
  0.65578428 
  2.16868738 
  5.50884208 
  0.99359931 
  0.91673323 
  6.47316470 
  1.31703474 
  6.59210352 
 14.42737064 
  1.70179969 
  1.53887793 
  3.24226550 
  1.41536330 
 11.70355337 
  3.86599360 
  3.36039235 
  3.05903676 
  2.21147467 
  4.27938280 
  5.91293004 
  1.98484531 
  0.11194914 
 12.38944878 
 18.66362625 
  0.30512515 
  5.30609487 
  7.75754910 
  7.71208592 
  1.70973268 
  1.82673181 
  9.05544348 
  5.25674935 
 12.89116075 
  0.80399377 
  1.05365632 
 13.16503771 
  2.14968074 
 10.28807310 
  0.48790917 
  1.91036865 
  2.93478705 
  1.92261337 
 12.82614954 
  3.27967228 
  6.02069709 
 17.95245442 
  2.77892070 
  0.65915390 
  1.30635676 
  6.65881896 
  7.80551571 
  1.48427588 
  9.04995750 
  0.18638770 
  1.10325745 
  1.77779427 
  2.96463130 
  1.70132613 
  8.41605863 
  0.43069915 
 10.20785597 
  1.39765454 
  8.46027389 
  0.09024808 
  0.97419314 
  0.97579452 
 11.67937944 
  0.48172900 
  5.43583121 
  2.77945207 
  2.64308665 
 11.77607982 
  4.42509882 
  1.07044794 
 13.95549133 
  6.94906879 
  2.14323297 
  2.25499205 
  7.74856878 
  0.30216043 
  1.97207476 
  4.43232897 
  6.52823508 
  2.82775011 
  4.73023240 
  7.59059243 
  7.84133220 
  3.75956343 
  6.31176977 
  0.77296205 
  0.60559395 
  9.69321661 
  4.58502159 
 19.34164959 
  0.78574356 
  0.48656107 
  0.71041855 
 15.31522581 
  2.32447403 
  3.01044051 
  0.57283978 
  0.05662114 
  4.48180913 
  8.64104425 
 21.94332536 
  0.96379795 
  1.50907260 
  1.92462477 
  8.31637533 
  3.45580934 
  6.27676490 
 16.70786184 
  1.91246309 
  6.25679210 
  7.88556838 
  3.37918364 
 11.11384984 
 11.28830311 
 10.82957190 
  0.10911313 
 12.44194180 
  7.36765216 
  7.05358783 
 27.73078582 
  4.40391372 
  3.23273279 
  1.11096095 
  4.33189510 
  1.52668264 
 21.12828752 
  9.95105526 
  7.81237038 
 10.62646997 
  4.01904789 
  0.18326630 
  1.17135639 
  6.87934962 
 11.54006638 
  1.31980047 
  3.08278994 
  1.74145431 
  9.35279243 
  5.67790889 
  2.72502026 
  9.49501506 
  4.04307973 
  7.56617576 
  2.60985594 
  6.16411250 
  2.18821131 
  1.71026042 
  2.63371420 
  3.87503097 
  1.17705167 
  2.43841091 
  6.09714127 
  1.25777794 
  0.01829239 
 14.01910376 
  6.50189616 
 17.73104140 
  2.72335225 
 10.23838785 
  0.69121220 
  6.91502527 
  0.98164475 
  0.08307834 
  7.79365715 
  3.60569532 
  3.96475792 
  1.97551801 
  4.95931078 
  0.08601481 
  5.22561535 
  4.19982354 
  0.26893196 
 14.88109857 
  1.19823292 
  3.28759909 
  4.77769585 
  8.60995707 
  3.25762324 
  0.92087540 
  6.55906501 
  4.44531857 
  3.63836659 
  4.22407501 
  0.85268648 
  2.86053240 
 11.43610243 
 13.60954478 
  5.08206824 
  5.96873530 
  5.13369076 
  2.21958161 
  2.35958231 
 16.95353473 
  3.60653862 
  5.23892771 
  4.58962163 
 13.05248541 
  5.43383829 
  0.22675142 
 16.10365527 
  0.88486951 
  0.73361006 
  1.53027214 
  8.90587657 
  1.09923110 
  1.22860626 
 17.93485855 
  0.01233685 
  1.83313230 
  3.95540384 
  8.98735570 
  4.89468506 
 25.93770399 
  2.37050619 
  1.02705027 
  3.18754998 
  0.26335049 
  0.65988583 
  5.91230616 
  1.17299811 
  9.45503146 
  2.59403188 
  0.81514428 
  2.92232034 
  1.39473599 
  0.96361008 
  2.62717302 
  8.07909209 
 18.43009470 
  3.16869984 
  3.26523522 
 11.53945052 
  1.56032521 
  2.65502701 
  0.55031673 
  0.54707006 
  4.20017870 
  0.88325474 
 12.07516123 
 12.17233422 
  3.09181342 
  6.27057255 
  5.04126703 
  2.77571729 
  0.44704393 
  3.30396954 
  4.54499075 
  1.66380048 
  5.31665724 
 10.61647436 
  0.15010868 
  3.43908120 
 15.13049914 
  0.87433525 
  1.80167879 
 12.03328162 
  3.05701396 
  5.14377502 
  6.64897693 
  0.01832190 
  7.76276969 
  1.01392129 
  9.61752562 
  2.95067621 
  5.17921454 
  0.47105534 
  4.13887893 
  1.40224852 
 33.03986415 
  1.77753637 
  2.77886263 
  8.38502307 
  2.30202815 
  7.90583421 
  1.41451148 
  9.43180707 
  6.71062043 
  3.69762087 
  4.26713142 
  2.44199526 
  1.11257569 
  2.75515969 
  2.24725307 
  0.92245387 
  8.80583956 
  1.76767170 
  0.39733652 
  6.62001813 
  4.48521593 
  8.64054441 
  0.79386923 
  2.33465534 
 11.40645782 
  0.06860842 
  2.75912151 
  9.20272485 
  0.12276803 
  0.57146652 
  6.17283156 
  4.91066791 
 10.04028434 
  3.39551351 
 11.03775367 
  0.76839929 
 12.33014897 
  6.29234735 
  2.04132619 
  5.10823050 
  1.61845274 
  3.20989379 
 21.88450837 
 15.01050605 
  2.96961717 
  1.66744472 
  6.32053669 
 10.08678759 
  4.17323916 
  7.06229915 
  0.82123699 
  5.09487874 
  4.27133947 
  1.08122145 
  4.87687055 
  2.07745767 
  5.70346587 
  3.20511942 
  0.54245159 
  0.90530304 
  0.60597366 
  1.45623153 
  1.06637557 
 10.42473109 
  1.05240309 
 10.05947221 
  1.84740746 
  4.00773435 
  1.76853711 
  2.00570576 
  2.74381222 
 12.13793615 
  3.21021639 
  0.20806121 
  1.94839840 
  2.48480113 
  8.11658681 
  0.02078548 
  2.06984148 
  8.70394595 
  4.77471103 
  1.12320857 
  4.38309710 
  2.43638293 
 15.65458067 
  9.21859827 
  9.49310932 
  1.99566076 
 11.91840255 
  8.63235065 
  3.85104848 
 13.66425541 
  1.42631982 
  1.12008338 
  1.11088891 
  2.66503840 
  0.72285128 
  0.42571775 
  5.54443173 
  2.63800871 
  9.65942429 
  6.39171501 
 14.99022317 
  0.77525752 
  0.87044484 
  2.56235929 
  5.04309811 
  1.61608243 
  4.18242104 
  8.61966439 
  4.24464341 
  0.29635646 
  4.60298956 
  2.21184997 
  0.21312542 
  2.69329471 
  1.08784523 
  2.46404173 
  7.73533523 
  3.65449521 
  6.26342954 
  2.94499909 
  1.92961096 
  5.56005566 
  7.51663649 
  2.28864899 
  0.04549634 
  3.26834646 
  0.17962137 
 13.85723826 
  7.49325543 
 16.33980255 
  2.08465443 
  7.90963416 
  3.31311712 
  2.33954897 
  6.31916796 
  0.96153631 
  1.40752751 
  8.18025363 
  2.89856405 
  0.03240641 
  3.80285441 
  2.90192384 
  5.28246800 
  4.33926538 
  5.32767915 
 26.19429928 
  6.35414966 
  3.12179956 
 12.24736376 
  2.79105163 
  4.50647658 
  2.16605572 
  8.95972549 
  4.22692655 
  5.66979563 
 11.78334088 
  0.55910516 
  6.75220016 
  1.79620063 
 10.35367806 
  0.85127988 
  5.97255815 
 12.78884764 
  5.76531093 
  0.68911010 
 11.37738696 
  3.29124676 
  0.84137983 
  0.61908520 
  0.74586164 
  2.44847655 
  3.76829849 
  9.22014627 
  5.35098261 
  1.05589048 
  4.36048863 
  0.40050879 
  9.25285521 
  0.91568559 
  0.76058958 
  1.43089948 
  2.03344305 
  0.47929231 
  0.04504789 
  2.08395386 
  3.62273255 
  5.47380956 
  2.28945221 
 10.01719430 
  1.63491912 
 12.29074292 
 10.78005242 
  0.97266727 
  0.78333115 
  4.09074951 
  4.61348786 
  1.63026920 
  2.23742379 
 12.14331967 
  8.32977337 
  0.16049868 
  2.58611480 
  3.12969339 
  2.66934131 
  4.98162748 
  3.89855268 
 15.99729523 
  7.09186972 
 14.73557222 
  2.86809711 
  4.25270574 
  1.50980692 
  2.40814306 
  0.50319597 
  5.82726727 
 12.45542160 
  2.13581052 
  3.38264741 
  9.89481908 
  7.53985538 
  3.07701495 
  3.06706118 
  1.15271288 
  1.48701539 
 11.40518785 
  1.73176442 
  0.12249422 
  0.41834849 
  0.91812982 
  9.35397720 
  3.91843656 
  1.48742657 
  5.88265711 
  1.43360604 
  0.45499172 
  1.89978848 
  4.52908010 
  8.06130293 
  2.35665671 
  4.75776094 
 23.78020713 
 11.23930677 
  4.21005551 
  2.27290702 
  5.14721426 
 15.02227313 
  6.79881139 
  4.31106664 
  7.74290399 
  4.28877178 
  0.96254119 
  3.72512934 
  8.40942918 
  7.09826659 
  5.94828073 
  9.76601155 
  5.43390866 
  3.02953916 
  5.10387207 
  0.18415142 
  1.46325162 
  3.21463247 
  0.74224162 
  8.62949213 
  3.46153496 
  0.75978065 
  7.14047062 
  8.74225550 
 25.41852617 
  2.34846685 
  0.78848094 
  2.26130696 
  8.84556566 
  8.65175965 
  1.08942425 
  5.57015288 
  3.00354853 
  2.04472494 
  0.47309720 
  0.73557848 
  5.51655504 
  3.12243021 
  2.81426048 
  0.34618503 
  1.90468576 
  9.20131832 
  4.38220188 
  5.25467298 
  2.37486541 
  0.96612731 
  6.45479240 
  3.78196752 
  8.53894577 
  3.74730446 
  1.44312280 
  5.41857112 
  6.06497937 
  7.73315517 
 17.92788279 
  2.50972796 
  1.47871930 
  5.63117021 
  0.34285313 
  2.63488346 
  1.56058682 
 15.66113213 
  6.01861692 
  4.68188659 
  0.27541526 
  5.45015502 
  2.65496041 
  6.29357628 
 13.87786436 
 17.29627788 
  2.11426028 
  0.64727600 
  8.63347224 
  6.06563577 
  0.15565593 
 11.58708269 
  0.06710102 
  0.93554250 
  7.06976607 
  7.22796927 
  7.83751195 
 31.75601733 
  3.28768727 
 25.47934288 
  3.51262834 
  7.34659180 
  7.33555822 
  0.24049059 
  2.86141288 
  7.66003975 
  8.12595488 
  4.44482920 
  4.20291969 
  0.90893163 
  4.95860032 
  6.98036001 
  2.12201232 
  2.25598165 
  0.22877705 
  4.75700417 
 15.86368676 
  2.73925869 
  0.80253427 
  0.12960561 
  2.27360822 
  1.28251753 
  7.54312086 
 17.61709316 
  6.71177378 
  1.70187586 
  0.91501742 
  2.36074920 
  1.24822035 
  3.20537231 
  8.87868497 
  5.66241215 
  0.96261047 
  6.04490244 
 24.49081602 
  8.91602707 
  4.33448676 
  3.52203010 
  3.73304100 
  2.52585236 
  3.24030445 
  0.35881052 
  3.35861959 
 11.45215186 
  7.48287552 
  0.37148832 
  2.21691048 
  7.67979489 
 11.82692355 
  6.90371823 
  1.88610657 
  0.30057822 
 24.88714297 
  7.98021361 
  0.02693003 
  0.51700300 
  2.47411047 
 11.83424688 
 10.04982950 
 11.76974346 
  9.55714265 
 13.52273331 
  3.35449425 
  4.26010466 
  7.18335872 
 10.71058571 
  2.23191689 
  4.56616742 
 14.84439234 
  5.33437138 
  8.48269672 
 18.74824313 
  0.49920290 
  5.63252783 
  2.53701816 
  1.61504555 
  0.89179931 
 10.34234983 
  3.58927389 
  3.86127838 
  4.28087232 
  3.39262489 
  1.36211248 
  8.88276736 
  5.02797198 
  0.34598985 
  6.82486981 
  6.05540431 
  6.77617782 
  3.79581346 
  1.87710039 
  2.44952796 
  1.47114078 
  2.99834870 
 15.15674853 
  4.44603758 
 13.63237118 
  0.76277032 
  5.73531801 
  2.85828584 
  4.21830725 
  4.47944922 
 11.30829615 
  3.43500108 
 25.47804194 
  0.63927124 
 14.19759365 
  1.33468911 
  7.10166207 
  5.37625100 
  5.84308934 
  0.38960710 
  2.00553342 
  5.47990801 
  0.78120730 
  0.64007121 
 19.55305816 
 10.81790458 
  6.06695089 
  1.00749573 
  0.35050778 
 18.29467125 
  4.06867873 
  5.35437965 
  1.55527258 
  3.09614426 
  3.69043536 
  0.51334493 
  0.58726078 
  3.21729293 
  0.41064672 
  0.81509234 
  0.48853052 
  5.95405988 
  0.62058513 
  5.60472278 
  0.54138641 
  0.98080112 
 11.00593192 
 11.44091121 
  3.62442179 
  3.57026569 
  2.61111666 
 10.01551450 
  1.03051124 
  9.20188561 
  1.29468697 
 14.78395902 
  9.60256394 
  4.38028122 
  2.08925337 
  2.56154471 
  1.11281494 
  0.71917191 
  0.04212945 
  3.16426121 
  0.97761591 
  3.69894326 
  3.54054311 
  0.45839408 
  3.44504897 
  9.44315868 
  2.36709824 
  0.98069044 
  6.58938175 
  3.35676726 
  3.03064043 
  6.13002745 
  0.07284193 
 13.26200630 
  6.57565304 
  1.40280725 
  1.82500234 
  9.41137682 
  2.73268523 
  3.91423146 
  2.14416961 
  9.44887353 
 15.06036550 
  6.36046606 
  2.00633208 
  1.31530782 
  2.83311449 
  3.58372956 
  4.01591515 
  1.18702721 
  0.12218458 
  8.64399582 
  5.17284086 
 11.73596391 
  0.05087785 
  2.07158955 
  0.82560031 
  0.56546444 
  2.82047190 
  2.48627685 
